DROP DATABASE cabbookingsystem1;
CREATE DATABASE cabbookingsystem1;
USE cabbookingsystem1;
create table User(
	UserID int NOT NULL,
    Firstname varchar(255) NOT NULL,
    Middlename varchar(255) NOT NULL,
    Lastname varchar(255) NOT NULL,
    AccountBalance int NOT NULL,
    Destination varchar(255),
    Location varchar(255) NOT NULL,
    Primary key (UserID)
);

create table UserMobileNO(
	UserID int NOT NULL,
    MobileNo int NOT NULL,
    UNIQUE (MobileNo),
    foreign key (UserID) references User(UserID),
    constraint UserNo primary key (UserID, MobileNo)
);

create table Ride(
	RideID int NOT NULL,
    Fare int NOT NULL,
    
    Days int NOT NULL,
    Months int NOT NULL,
    Years int  NOT NULL,
    
    Hours int NOT NULL,
    Minutes int NOT NULL,
    Seconds int NOT NULL,
    
    UserID int NOT NULL,
    primary key (RideID),
    foreign key (UserID) references User (UserID)
);

create table Driver(
	DriverID int NOT NULL,
    
    Firstname varchar(255) NOT NULL,
    Middlename varchar(255) NOT NULL,
    Lastname varchar(255) NOT NULL,
    
    AccountBalance int NOT NULL,
    primary key (DriverID),
    UserID int NOT NULL,
    foreign key (UserID)  references User(UserID)
);

create table DriverMobileNO(
	DriverID int NOT NULL,
    MobileNo int NOT NULL,
    UNIQUE (MobileNo),
    foreign key (DriverID) references Driver(DriverID),
    constraint DriverNo primary key (DriverID, MobileNo)
);

create table Cab(
	CabID int NOT NULL,
    CarModel varchar(255) NOT NULL,
    CabType varchar(255) NOT NULL,
    DriverID int NOT NULL,
    unique (DriverID),
    foreign key (DriverID) references Driver(DriverID),
    constraint CabOwner primary key (DriverID, CabID)
);
    
insert into User (UserID, Firstname, Middlename, Lastname, AccountBalance, Destination, Location) values (1, 'Bernard', 'Rosenstiel', 'Rampage', '34', 'Derek', 'Packers');
insert into User (UserID, Firstname, Middlename, Lastname, AccountBalance, Destination, Location) values (2, 'Danit', 'Cake', 'Pinchback', '706', 'Ridge Oak', 'Nobel');
insert into User (UserID, Firstname, Middlename, Lastname, AccountBalance, Destination, Location) values (3, 'Sherry', 'Vasyanin', 'Baudins', '41', 'Fisk', 'Straubel');
insert into User (UserID, Firstname, Middlename, Lastname, AccountBalance, Destination, Location) values (4, 'Thorpe', 'Curro', 'Mattam', '441', 'Express', 'Gulseth');
insert into User (UserID, Firstname, Middlename, Lastname, AccountBalance, Destination, Location) values (5, 'Paula', 'Renyard', 'Kibby', '24', 'Marquette', 'Pleasure');
insert into User (UserID, Firstname, Middlename, Lastname, AccountBalance, Destination, Location) values (6, 'Hector', 'Everex', 'Aldersey', '382', 'Thackeray', 'Dennis');
insert into User (UserID, Firstname, Middlename, Lastname, AccountBalance, Destination, Location) values (7, 'Gerhard', 'Hadleigh', 'MacVicar', '797', 'Forest Dale', 'Nancy');
insert into User (UserID, Firstname, Middlename, Lastname, AccountBalance, Destination, Location) values (8, 'Ginelle', 'Ebbutt', 'Preshous', '54', 'Shopko', 'Schiller');
insert into User (UserID, Firstname, Middlename, Lastname, AccountBalance, Destination, Location) values (9, 'Barry', 'Hazeltine', 'Yakovliv', '02654', 'Morrow', 'Carioca');
insert into User (UserID, Firstname, Middlename, Lastname, AccountBalance, Destination, Location) values (10, 'Broderick', 'Teffrey', 'Maven', '94262', 'Crescent Oaks', 'Boyd');
insert into User (UserID, Firstname, Middlename, Lastname, AccountBalance, Destination, Location) values (11, 'Vera', 'Burman', 'Blance', '4619', 'Brentwood', 'Weeping Birch');
insert into User (UserID, Firstname, Middlename, Lastname, AccountBalance, Destination, Location) values (12, 'Liva', 'Messier', 'Aistrop', '2', 'Northview', 'Kim');
insert into User (UserID, Firstname, Middlename, Lastname, AccountBalance, Destination, Location) values (13, 'Jillane', 'Phelipeau', 'Crispin', '152', 'Bluejay', 'Esch');
insert into User (UserID, Firstname, Middlename, Lastname, AccountBalance, Destination, Location) values (14, 'Bret', 'Christiensen', 'Farryann', '7', 'Farragut', 'Hansons');
insert into User (UserID, Firstname, Middlename, Lastname, AccountBalance, Destination, Location) values (15, 'Amie', 'Potts', 'Olden', '9', 'Golf Course', 'Monica');
insert into User (UserID, Firstname, Middlename, Lastname, AccountBalance, Destination, Location) values (16, 'Perla', 'O Quirk', 'Nannoni', '615', 'Ridgeview', 'Butternut');
insert into User (UserID, Firstname, Middlename, Lastname, AccountBalance, Destination, Location) values (17, 'Horatio', 'Wellard', 'Oake', '8905', 'Dryden', 'Waubesa');
insert into User (UserID, Firstname, Middlename, Lastname, AccountBalance, Destination, Location) values (18, 'Porty', 'Libbey', 'Avann', '0771', 'Dawn', 'Upham');
insert into User (UserID, Firstname, Middlename, Lastname, AccountBalance, Destination, Location) values (19, 'Nixie', 'Gathercole', 'Holehouse', '1120', 'Basil', 'Carey');
insert into User (UserID, Firstname, Middlename, Lastname, AccountBalance, Destination, Location) values (20, 'Tuesday', 'Routham', 'Kilfether', '1799', 'Division', 'Old Gate');
insert into User (UserID, Firstname, Middlename, Lastname, AccountBalance, Destination, Location) values (21, 'Odelinda', 'Kimmince', 'Sackler', '16560', 'Holmberg', '5th');
insert into User (UserID, Firstname, Middlename, Lastname, AccountBalance, Destination, Location) values (22, 'Lu', 'Tolle', 'Timlett', '1031', 'Stephen', 'Jay');
insert into User (UserID, Firstname, Middlename, Lastname, AccountBalance, Destination, Location) values (23, 'Robinetta', 'Erwin', 'Skynner', '55563', 'Anzinger', 'Summerview');
insert into User (UserID, Firstname, Middlename, Lastname, AccountBalance, Destination, Location) values (24, 'Karen', 'Sholl', 'Stitwell', '31796', 'Rockefeller', 'Elka');
insert into User (UserID, Firstname, Middlename, Lastname, AccountBalance, Destination, Location) values (25, 'Gabriella', 'Pilgrim', 'Huckstepp', '4', 'Larry', 'Messerschmidt');
insert into User (UserID, Firstname, Middlename, Lastname, AccountBalance, Destination, Location) values (26, 'Burch', 'Berrey', 'Yankeev', '9029', 'Eagan', 'Mitchell');
insert into User (UserID, Firstname, Middlename, Lastname, AccountBalance, Destination, Location) values (27, 'Burgess', 'Weatherhogg', 'Pressman', '5897', 'Clarendon', 'Rigney');
insert into User (UserID, Firstname, Middlename, Lastname, AccountBalance, Destination, Location) values (28, 'Karna', 'Relton', 'Jacobowicz', '3584', 'Utah', 'Corry');
insert into User (UserID, Firstname, Middlename, Lastname, AccountBalance, Destination, Location) values (29, 'Ericka', 'Dowdle', 'Northbridge', '68523', 'Shasta', 'Canary');
insert into User (UserID, Firstname, Middlename, Lastname, AccountBalance, Destination, Location) values (30, 'Amy', 'Rivard', 'Aickin', '7', 'Schlimgen', 'Sunnyside');
insert into User (UserID, Firstname, Middlename, Lastname, AccountBalance, Destination, Location) values (31, 'Man', 'Ayers', 'Bolduc', '08438', 'Bunting', 'Green');
insert into User (UserID, Firstname, Middlename, Lastname, AccountBalance, Destination, Location) values (32, 'Sasha', 'Marshal', 'Wheatley', '96', 'Meadow Valley', 'Mockingbird');
insert into User (UserID, Firstname, Middlename, Lastname, AccountBalance, Destination, Location) values (33, 'Doralia', 'Skypp', 'Downie', '8', 'American Ash', 'Thompson');
insert into User (UserID, Firstname, Middlename, Lastname, AccountBalance, Destination, Location) values (34, 'Albertina', 'Berth', 'Broun', '3076', 'Carey', 'Prairie Rose');
insert into User (UserID, Firstname, Middlename, Lastname, AccountBalance, Destination, Location) values (35, 'Arlyn', 'Charlotte', 'Gatherer', '1437', 'Bunker Hill', 'Buena Vista');
insert into User (UserID, Firstname, Middlename, Lastname, AccountBalance, Destination, Location) values (36, 'Burg', 'Brownsill', 'Larchiere', '8666', 'Brown', 'Forster');
insert into User (UserID, Firstname, Middlename, Lastname, AccountBalance, Destination, Location) values (37, 'Marchall', 'Biddle', 'Dibsdale', '24082', 'Glacier Hill', 'Lawn');
insert into User (UserID, Firstname, Middlename, Lastname, AccountBalance, Destination, Location) values (38, 'Kara-lynn', 'Adelsberg', 'Carley', '82', 'Judy', 'Susan');
insert into User (UserID, Firstname, Middlename, Lastname, AccountBalance, Destination, Location) values (39, 'Penny', 'Anfusso', 'Witty', '13', 'Tennessee', 'Towne');
insert into User (UserID, Firstname, Middlename, Lastname, AccountBalance, Destination, Location) values (40, 'Daveen', 'Birrel', 'Maysor', '2', 'School', 'Sachs');
insert into User (UserID, Firstname, Middlename, Lastname, AccountBalance, Destination, Location) values (41, 'Miner', 'Priestley', 'Mammatt', '11077', 'Sunnyside', 'Walton');
insert into User (UserID, Firstname, Middlename, Lastname, AccountBalance, Destination, Location) values (42, 'Sanson', 'Nolder', 'Lupton', '65', 'Pine View', 'Helena');
insert into User (UserID, Firstname, Middlename, Lastname, AccountBalance, Destination, Location) values (43, 'Stacie', 'Sinden', 'Bastide', '56655', 'Dovetail', 'American Ash');
insert into User (UserID, Firstname, Middlename, Lastname, AccountBalance, Destination, Location) values (44, 'Jude', 'Englishby', 'Hendrichs', '257', 'Cody', 'Pleasure');
insert into User (UserID, Firstname, Middlename, Lastname, AccountBalance, Destination, Location) values (45, 'Hadrian', 'Tunsley', 'Stamp', '6377', 'Spenser', 'Talmadge');
insert into User (UserID, Firstname, Middlename, Lastname, AccountBalance, Destination, Location) values (46, 'Padraic', 'MacMickan', 'Lamb-shine', '2648', 'Fordem', 'Brentwood');
insert into User (UserID, Firstname, Middlename, Lastname, AccountBalance, Destination, Location) values (47, 'Chandal', 'Cotterell', 'Brownscombe', '968', 'Blaine', 'Mallory');
insert into User (UserID, Firstname, Middlename, Lastname, AccountBalance, Destination, Location) values (48, 'Caterina', 'Heditch', 'Garvan', '9363', 'Harper', 'Jana');
insert into User (UserID, Firstname, Middlename, Lastname, AccountBalance, Destination, Location) values (49, 'Adriane', 'Mangion', 'Ansley', '878', 'Miller', 'Clemons');
insert into User (UserID, Firstname, Middlename, Lastname, AccountBalance, Destination, Location) values (50, 'Marshal', 'Stearne', 'Brownsett', '89177', 'Raven', 'Cody');
insert into User (UserID, Firstname, Middlename, Lastname, AccountBalance, Destination, Location) values (51, 'Fina', 'Ledward', 'Jelphs', '8795', 'Harper', 'Linden');
insert into User (UserID, Firstname, Middlename, Lastname, AccountBalance, Destination, Location) values (52, 'Olga', 'Niblock', 'Gorges', '8513', 'Continental', 'Briar Crest');
insert into User (UserID, Firstname, Middlename, Lastname, AccountBalance, Destination, Location) values (53, 'Suzy', 'Craiker', 'Smallwood', '1', 'Valley Edge', 'Kingsford');
insert into User (UserID, Firstname, Middlename, Lastname, AccountBalance, Destination, Location) values (54, 'Wiatt', 'Liepina', 'McCurley', '4439', 'Westridge', 'Lakeland');
insert into User (UserID, Firstname, Middlename, Lastname, AccountBalance, Destination, Location) values (55, 'Giovanni', 'Monte', 'Toor', '7726', 'Service', 'East');
insert into User (UserID, Firstname, Middlename, Lastname, AccountBalance, Destination, Location) values (56, 'Chrysa', 'Gounard', 'Lankford', '2323', 'Kennedy', 'Upham');
insert into User (UserID, Firstname, Middlename, Lastname, AccountBalance, Destination, Location) values (57, 'Correy', 'Swinyard', 'Powley', '38058', 'Steensland', 'Vera');
insert into User (UserID, Firstname, Middlename, Lastname, AccountBalance, Destination, Location) values (58, 'Jasmina', 'Puddan', 'Sissons', '30', 'Mitchell', 'Warner');
insert into User (UserID, Firstname, Middlename, Lastname, AccountBalance, Destination, Location) values (59, 'Kriste', 'Biaggiotti', 'Bentje', '582', 'Northfield', 'Riverside');
insert into User (UserID, Firstname, Middlename, Lastname, AccountBalance, Destination, Location) values (60, 'Faina', 'Warlowe', 'Owthwaite', '9', 'Cascade', 'Glendale');
insert into User (UserID, Firstname, Middlename, Lastname, AccountBalance, Destination, Location) values (61, 'Emmalyn', 'Paeckmeyer', 'Okroy', '9780', 'Prentice', 'Colorado');
insert into User (UserID, Firstname, Middlename, Lastname, AccountBalance, Destination, Location) values (62, 'Matti', 'Tydd', 'Di Meo', '514', 'Melody', 'Ridgeview');
insert into User (UserID, Firstname, Middlename, Lastname, AccountBalance, Destination, Location) values (63, 'Karisa', 'Margach', 'Mor', '08277', 'Monterey', 'Dahle');
insert into User (UserID, Firstname, Middlename, Lastname, AccountBalance, Destination, Location) values (64, 'Mollee', 'Stedall', 'Di Frisco', '46', 'Boyd', 'Pennsylvania');
insert into User (UserID, Firstname, Middlename, Lastname, AccountBalance, Destination, Location) values (65, 'Janos', 'Willmont', 'Patchett', '62077', 'Valley Edge', 'Gina');
insert into User (UserID, Firstname, Middlename, Lastname, AccountBalance, Destination, Location) values (66, 'Jereme', 'Patullo', 'Toth', '55', 'Bay', 'Veith');
insert into User (UserID, Firstname, Middlename, Lastname, AccountBalance, Destination, Location) values (67, 'Grant', 'Claiden', 'Semmence', '9393', 'Brown', 'Oxford');
insert into User (UserID, Firstname, Middlename, Lastname, AccountBalance, Destination, Location) values (68, 'Cristine', 'Bennett', 'Mathelon', '0', 'Union', 'Del Mar');
insert into User (UserID, Firstname, Middlename, Lastname, AccountBalance, Destination, Location) values (69, 'Anabella', 'Barkas', 'Padkin', '50', 'Waywood', 'Oxford');
insert into User (UserID, Firstname, Middlename, Lastname, AccountBalance, Destination, Location) values (70, 'Fredericka', 'Insko', 'Damrel', '072', 'Gina', 'Erie');
insert into User (UserID, Firstname, Middlename, Lastname, AccountBalance, Destination, Location) values (71, 'Tucky', 'Goodbourn', 'Kleewein', '8421', 'Twin Pines', 'Cambridge');
insert into User (UserID, Firstname, Middlename, Lastname, AccountBalance, Destination, Location) values (72, 'Lorenzo', 'Balnaves', 'Metherell', '39938', 'Sullivan', 'Monument');
insert into User (UserID, Firstname, Middlename, Lastname, AccountBalance, Destination, Location) values (73, 'Midge', 'Swinn', 'Wildman', '518', 'Bashford', 'Melvin');
insert into User (UserID, Firstname, Middlename, Lastname, AccountBalance, Destination, Location) values (74, 'Iona', 'Elflain', 'MattiCCI', '12116', 'Thackeray', '1st');
insert into User (UserID, Firstname, Middlename, Lastname, AccountBalance, Destination, Location) values (75, 'Lois', 'Filyushkin', 'Molder', '441', 'Delaware', 'Victoria');
insert into User (UserID, Firstname, Middlename, Lastname, AccountBalance, Destination, Location) values (76, 'Andeee', 'Neles', 'Glenton', '3', 'Gulseth', 'Raven');
insert into User (UserID, Firstname, Middlename, Lastname, AccountBalance, Destination, Location) values (77, 'Mamie', 'Brahm', 'Kubicek', '7456', 'Delaware', 'Oak Valley');
insert into User (UserID, Firstname, Middlename, Lastname, AccountBalance, Destination, Location) values (78, 'Arny', 'Cosgreave', 'Reitenbach', '6', 'Killdeer', 'Monica');
insert into User (UserID, Firstname, Middlename, Lastname, AccountBalance, Destination, Location) values (79, 'Mada', 'Nurse', 'Westhofer', '25', 'Toban', 'Bartillon');
insert into User (UserID, Firstname, Middlename, Lastname, AccountBalance, Destination, Location) values (80, 'Brianne', 'Kittow', 'Duffree', '484', 'Maple Wood', 'Debs');
insert into User (UserID, Firstname, Middlename, Lastname, AccountBalance, Destination, Location) values (81, 'Brigham', 'Scading', 'Mytton', '36235', 'Buhler', 'Northfield');
insert into User (UserID, Firstname, Middlename, Lastname, AccountBalance, Destination, Location) values (82, 'Graham', 'Parade', 'Hiland', '83186', 'Old Gate', 'Roth');
insert into User (UserID, Firstname, Middlename, Lastname, AccountBalance, Destination, Location) values (83, 'Lynda', 'Yellowlea', 'Petrolli', '30', 'Waywood', 'Elgar');
insert into User (UserID, Firstname, Middlename, Lastname, AccountBalance, Destination, Location) values (84, 'Darcy', 'Ackrill', 'Corwood', '81354', 'Oneill', 'Arizona');
insert into User (UserID, Firstname, Middlename, Lastname, AccountBalance, Destination, Location) values (85, 'Jaime', 'Benneyworth', 'Bradforth', '923', 'Helena', 'Golf');
insert into User (UserID, Firstname, Middlename, Lastname, AccountBalance, Destination, Location) values (86, 'Quinlan', 'Wythill', 'Lenton', '4', 'Petterle', 'Rutledge');
insert into User (UserID, Firstname, Middlename, Lastname, AccountBalance, Destination, Location) values (87, 'Karlis', 'Cowlas', 'Wookey', '2243', 'Pearson', 'Marquette');
insert into User (UserID, Firstname, Middlename, Lastname, AccountBalance, Destination, Location) values (88, 'Lancelot', 'Richardet', 'Haizelden', '4', 'Haas', 'Division');
insert into User (UserID, Firstname, Middlename, Lastname, AccountBalance, Destination, Location) values (89, 'Arty', 'Huckerbe', 'Kenway', '4', 'Loeprich', 'Bonner');
insert into User (UserID, Firstname, Middlename, Lastname, AccountBalance, Destination, Location) values (90, 'Vernice', 'Tinsey', 'Bare', '96', 'Graceland', 'Evergreen');
insert into User (UserID, Firstname, Middlename, Lastname, AccountBalance, Destination, Location) values (91, 'Kip', 'Basnall', 'Sclanders', '78', 'Derek', 'Donald');
insert into User (UserID, Firstname, Middlename, Lastname, AccountBalance, Destination, Location) values (92, 'Krysta', 'Eyre', 'Manilo', '67', 'Springview', 'Surrey');
insert into User (UserID, Firstname, Middlename, Lastname, AccountBalance, Destination, Location) values (93, 'Carri', 'Titchmarsh', 'Roylance', '39', 'Calypso', 'Drewry');
insert into User (UserID, Firstname, Middlename, Lastname, AccountBalance, Destination, Location) values (94, 'Kirstin', 'Prestidge', 'Fitchet', '9', 'Springview', 'Manley');
insert into User (UserID, Firstname, Middlename, Lastname, AccountBalance, Destination, Location) values (95, 'Winnie', 'Breakwell', 'Cassley', '645', 'Eagan', 'Clarendon');
insert into User (UserID, Firstname, Middlename, Lastname, AccountBalance, Destination, Location) values (96, 'Calvin', 'Gogerty', 'Ellcock', '4972', 'Badeau', 'Kinsman');
insert into User (UserID, Firstname, Middlename, Lastname, AccountBalance, Destination, Location) values (97, 'Nealy', 'Sager', 'Cossins', '2', 'Arrowood', 'Sheridan');
insert into User (UserID, Firstname, Middlename, Lastname, AccountBalance, Destination, Location) values (98, 'Frederica', 'Butfield', 'Menary', '64517', 'Luster', 'Melvin');
insert into User (UserID, Firstname, Middlename, Lastname, AccountBalance, Destination, Location) values (99, 'Berky', 'Ruberry', 'Crooke', '38082', 'Schmedeman', 'Acker');
insert into User (UserID, Firstname, Middlename, Lastname, AccountBalance, Destination, Location) values (100, 'Charity', 'Worlidge', 'Bordiss', '0', 'Wayridge', 'Express');




INSERT INTO `UserMobileNO` (`UserID`,`MobileNo`)
VALUES
  (1,29329);
INSERT INTO `UserMobileNO` (`UserID`,`MobileNo`)
VALUES
  (2,88606);
INSERT INTO `UserMobileNO` (`UserID`,`MobileNo`)
VALUES
  (3,32482);
INSERT INTO `UserMobileNO` (`UserID`,`MobileNo`)
VALUES
  (4,36749);
INSERT INTO `UserMobileNO` (`UserID`,`MobileNo`)
VALUES
  (5,98573);
INSERT INTO `UserMobileNO` (`UserID`,`MobileNo`)
VALUES
  (6,57258);
INSERT INTO `UserMobileNO` (`UserID`,`MobileNo`)
VALUES
  (7,89444);
INSERT INTO `UserMobileNO` (`UserID`,`MobileNo`)
VALUES
  (8,59400);
INSERT INTO `UserMobileNO` (`UserID`,`MobileNo`)
VALUES
  (9,25294);
INSERT INTO `UserMobileNO` (`UserID`,`MobileNo`)
VALUES
  (10,57331);
INSERT INTO `UserMobileNO` (`UserID`,`MobileNo`)
VALUES
  (11,97715);
INSERT INTO `UserMobileNO` (`UserID`,`MobileNo`)
VALUES
  (12,90611);
INSERT INTO `UserMobileNO` (`UserID`,`MobileNo`)
VALUES
  (13,17105);
INSERT INTO `UserMobileNO` (`UserID`,`MobileNo`)
VALUES
  (14,48138);
INSERT INTO `UserMobileNO` (`UserID`,`MobileNo`)
VALUES
  (15,13456);
INSERT INTO `UserMobileNO` (`UserID`,`MobileNo`)
VALUES
  (16,20985);
INSERT INTO `UserMobileNO` (`UserID`,`MobileNo`)
VALUES
  (17,57330);
INSERT INTO `UserMobileNO` (`UserID`,`MobileNo`)
VALUES
  (18,18368);
INSERT INTO `UserMobileNO` (`UserID`,`MobileNo`)
VALUES
  (19,50272);
INSERT INTO `UserMobileNO` (`UserID`,`MobileNo`)
VALUES
  (20,45422);
INSERT INTO `UserMobileNO` (`UserID`,`MobileNo`)
VALUES
  (21,18296);
INSERT INTO `UserMobileNO` (`UserID`,`MobileNo`)
VALUES
  (22,83594);
INSERT INTO `UserMobileNO` (`UserID`,`MobileNo`)
VALUES
  (23,53752);
INSERT INTO `UserMobileNO` (`UserID`,`MobileNo`)
VALUES
  (24,52780);
INSERT INTO `UserMobileNO` (`UserID`,`MobileNo`)
VALUES
  (25,99441);
INSERT INTO `UserMobileNO` (`UserID`,`MobileNo`)
VALUES
  (26,11765);
INSERT INTO `UserMobileNO` (`UserID`,`MobileNo`)
VALUES
  (27,51048);
INSERT INTO `UserMobileNO` (`UserID`,`MobileNo`)
VALUES
  (28,65323);
INSERT INTO `UserMobileNO` (`UserID`,`MobileNo`)
VALUES
  (29,90929);
INSERT INTO `UserMobileNO` (`UserID`,`MobileNo`)
VALUES
  (30,34440);
INSERT INTO `UserMobileNO` (`UserID`,`MobileNo`)
VALUES
  (31,46587);
INSERT INTO `UserMobileNO` (`UserID`,`MobileNo`)
VALUES
  (32,26480);
INSERT INTO `UserMobileNO` (`UserID`,`MobileNo`)
VALUES
  (33,84966);
INSERT INTO `UserMobileNO` (`UserID`,`MobileNo`)
VALUES
  (34,52440);
INSERT INTO `UserMobileNO` (`UserID`,`MobileNo`)
VALUES
  (35,44309);
INSERT INTO `UserMobileNO` (`UserID`,`MobileNo`)
VALUES
  (36,81678);
INSERT INTO `UserMobileNO` (`UserID`,`MobileNo`)
VALUES
  (37,91331);
INSERT INTO `UserMobileNO` (`UserID`,`MobileNo`)
VALUES
  (38,47863);
INSERT INTO `UserMobileNO` (`UserID`,`MobileNo`)
VALUES
  (39,19966);
INSERT INTO `UserMobileNO` (`UserID`,`MobileNo`)
VALUES
  (40,34482);
INSERT INTO `UserMobileNO` (`UserID`,`MobileNo`)
VALUES
  (41,59855);
INSERT INTO `UserMobileNO` (`UserID`,`MobileNo`)
VALUES
  (42,74068);
INSERT INTO `UserMobileNO` (`UserID`,`MobileNo`)
VALUES
  (43,78499);
INSERT INTO `UserMobileNO` (`UserID`,`MobileNo`)
VALUES
  (44,27894);
INSERT INTO `UserMobileNO` (`UserID`,`MobileNo`)
VALUES
  (45,63356);
INSERT INTO `UserMobileNO` (`UserID`,`MobileNo`)
VALUES
  (46,46609);
INSERT INTO `UserMobileNO` (`UserID`,`MobileNo`)
VALUES
  (47,63198);
INSERT INTO `UserMobileNO` (`UserID`,`MobileNo`)
VALUES
  (48,51940);
INSERT INTO `UserMobileNO` (`UserID`,`MobileNo`)
VALUES
  (49,81346);
INSERT INTO `UserMobileNO` (`UserID`,`MobileNo`)
VALUES
  (50,21168);
INSERT INTO `UserMobileNO` (`UserID`,`MobileNo`)
VALUES
  (51,41968);
INSERT INTO `UserMobileNO` (`UserID`,`MobileNo`)
VALUES
  (52,51568);
INSERT INTO `UserMobileNO` (`UserID`,`MobileNo`)
VALUES
  (53,42816);
INSERT INTO `UserMobileNO` (`UserID`,`MobileNo`)
VALUES
  (54,78749);
INSERT INTO `UserMobileNO` (`UserID`,`MobileNo`)
VALUES
  (55,86024);
INSERT INTO `UserMobileNO` (`UserID`,`MobileNo`)
VALUES
  (56,66586);
INSERT INTO `UserMobileNO` (`UserID`,`MobileNo`)
VALUES
  (57,63866);
INSERT INTO `UserMobileNO` (`UserID`,`MobileNo`)
VALUES
  (58,24521);
INSERT INTO `UserMobileNO` (`UserID`,`MobileNo`)
VALUES
  (59,97574);
INSERT INTO `UserMobileNO` (`UserID`,`MobileNo`)
VALUES
  (60,36913);
INSERT INTO `UserMobileNO` (`UserID`,`MobileNo`)
VALUES
  (61,50785);
INSERT INTO `UserMobileNO` (`UserID`,`MobileNo`)
VALUES
  (62,94824);
INSERT INTO `UserMobileNO` (`UserID`,`MobileNo`)
VALUES
  (63,12979);
INSERT INTO `UserMobileNO` (`UserID`,`MobileNo`)
VALUES
  (64,70248);
INSERT INTO `UserMobileNO` (`UserID`,`MobileNo`)
VALUES
  (65,56589);
INSERT INTO `UserMobileNO` (`UserID`,`MobileNo`)
VALUES
  (66,94633);
INSERT INTO `UserMobileNO` (`UserID`,`MobileNo`)
VALUES
  (67,50379);
INSERT INTO `UserMobileNO` (`UserID`,`MobileNo`)
VALUES
  (68,36826);
INSERT INTO `UserMobileNO` (`UserID`,`MobileNo`)
VALUES
  (69,34431);
INSERT INTO `UserMobileNO` (`UserID`,`MobileNo`)
VALUES
  (70,54155);
INSERT INTO `UserMobileNO` (`UserID`,`MobileNo`)
VALUES
  (71,20556);
INSERT INTO `UserMobileNO` (`UserID`,`MobileNo`)
VALUES
  (72,20270);
INSERT INTO `UserMobileNO` (`UserID`,`MobileNo`)
VALUES
  (73,62550);
INSERT INTO `UserMobileNO` (`UserID`,`MobileNo`)
VALUES
  (74,81654);
INSERT INTO `UserMobileNO` (`UserID`,`MobileNo`)
VALUES
  (75,58091);
INSERT INTO `UserMobileNO` (`UserID`,`MobileNo`)
VALUES
  (76,85131);
INSERT INTO `UserMobileNO` (`UserID`,`MobileNo`)
VALUES
  (77,60830);
INSERT INTO `UserMobileNO` (`UserID`,`MobileNo`)
VALUES
  (78,87198);
INSERT INTO `UserMobileNO` (`UserID`,`MobileNo`)
VALUES
  (79,20904);
INSERT INTO `UserMobileNO` (`UserID`,`MobileNo`)
VALUES
  (80,43195);
INSERT INTO `UserMobileNO` (`UserID`,`MobileNo`)
VALUES
  (81,46735);
INSERT INTO `UserMobileNO` (`UserID`,`MobileNo`)
VALUES
  (82,81179);
INSERT INTO `UserMobileNO` (`UserID`,`MobileNo`)
VALUES
  (83,89055);
INSERT INTO `UserMobileNO` (`UserID`,`MobileNo`)
VALUES
  (84,28503);
INSERT INTO `UserMobileNO` (`UserID`,`MobileNo`)
VALUES
  (85,44595);
INSERT INTO `UserMobileNO` (`UserID`,`MobileNo`)
VALUES
  (86,71477);
INSERT INTO `UserMobileNO` (`UserID`,`MobileNo`)
VALUES
  (87,99900);
INSERT INTO `UserMobileNO` (`UserID`,`MobileNo`)
VALUES
  (88,98020);
INSERT INTO `UserMobileNO` (`UserID`,`MobileNo`)
VALUES
  (89,46110);
INSERT INTO `UserMobileNO` (`UserID`,`MobileNo`)
VALUES
  (90,73622);
INSERT INTO `UserMobileNO` (`UserID`,`MobileNo`)
VALUES
  (91,15396);
INSERT INTO `UserMobileNO` (`UserID`,`MobileNo`)
VALUES
  (92,98583);
INSERT INTO `UserMobileNO` (`UserID`,`MobileNo`)
VALUES
  (93,40557);
INSERT INTO `UserMobileNO` (`UserID`,`MobileNo`)
VALUES
  (94,92634);
INSERT INTO `UserMobileNO` (`UserID`,`MobileNo`)
VALUES
  (95,53277);
INSERT INTO `UserMobileNO` (`UserID`,`MobileNo`)
VALUES
  (96,40886);
INSERT INTO `UserMobileNO` (`UserID`,`MobileNo`)
VALUES
  (97,12558);
INSERT INTO `UserMobileNO` (`UserID`,`MobileNo`)
VALUES
  (98,88670);
INSERT INTO `UserMobileNO` (`UserID`,`MobileNo`)
VALUES
  (99,74521);
INSERT INTO `UserMobileNO` (`UserID`,`MobileNo`)
VALUES
  (100,67654);

INSERT INTO `UserMobileNO` (`UserID`,`MobileNo`)
VALUES
  (35,46755);
INSERT INTO `UserMobileNO` (`UserID`,`MobileNo`)
VALUES
  (40,49198);
INSERT INTO `UserMobileNO` (`UserID`,`MobileNo`)
VALUES
  (45,95281);
INSERT INTO `UserMobileNO` (`UserID`,`MobileNo`)
VALUES
  (50,14049);
INSERT INTO `UserMobileNO` (`UserID`,`MobileNo`)
VALUES
  (55,37848);
INSERT INTO `UserMobileNO` (`UserID`,`MobileNo`)
VALUES
  (60,73867);
INSERT INTO `UserMobileNO` (`UserID`,`MobileNo`)
VALUES
  (65,36992);
INSERT INTO `UserMobileNO` (`UserID`,`MobileNo`)
VALUES
  (70,31617);
INSERT INTO `UserMobileNO` (`UserID`,`MobileNo`)
VALUES
  (75,21489);
INSERT INTO `UserMobileNO` (`UserID`,`MobileNo`)
VALUES
  (80,76369);
INSERT INTO `UserMobileNO` (`UserID`,`MobileNo`)
VALUES
  (85,26128);
INSERT INTO `UserMobileNO` (`UserID`,`MobileNo`)
VALUES
  (90,62680);
INSERT INTO `UserMobileNO` (`UserID`,`MobileNo`)
VALUES
  (95,87890);





INSERT INTO `Driver` (`DriverID`,`Firstname`,`Middlename`,`Lastname`,`AccountBalance`,`UserID`)
VALUES
  (1,"Mollie","Zimmerman","Cannon",44030,1);
INSERT INTO `Driver` (`DriverID`,`Firstname`,`Middlename`,`Lastname`,`AccountBalance`,`UserID`)
VALUES
  (101,"Molliete","Zimmermante","Cannonen",44030,1);
INSERT INTO `Driver` (`DriverID`,`Firstname`,`Middlename`,`Lastname`,`AccountBalance`,`UserID`)
VALUES
  (2,"Amity","Bowen","Petty",18013,3);
INSERT INTO `Driver` (`DriverID`,`Firstname`,`Middlename`,`Lastname`,`AccountBalance`,`UserID`)
VALUES
  (3,"Cameron","Brock","Callahan",81999,5);
INSERT INTO `Driver` (`DriverID`,`Firstname`,`Middlename`,`Lastname`,`AccountBalance`,`UserID`)
VALUES
  (4,"Kasper","Wright","Cameron",88807,7);
INSERT INTO `Driver` (`DriverID`,`Firstname`,`Middlename`,`Lastname`,`AccountBalance`,`UserID`)
VALUES
  (5,"Justina","Stafford","Baxter",45489,9);
INSERT INTO `Driver` (`DriverID`,`Firstname`,`Middlename`,`Lastname`,`AccountBalance`,`UserID`)
VALUES
  (6,"Gwendolyn","Baxter","Soto",77446,11);
INSERT INTO `Driver` (`DriverID`,`Firstname`,`Middlename`,`Lastname`,`AccountBalance`,`UserID`)
VALUES
  (102,"Gwen","Baxer","Sollomon",77456,11);
INSERT INTO `Driver` (`DriverID`,`Firstname`,`Middlename`,`Lastname`,`AccountBalance`,`UserID`)
VALUES
  (7,"Serena","Kemp","Knox",93124,13);
INSERT INTO `Driver` (`DriverID`,`Firstname`,`Middlename`,`Lastname`,`AccountBalance`,`UserID`)
VALUES
  (8,"Sage","Spears","Stanton",53546,15);
INSERT INTO `Driver` (`DriverID`,`Firstname`,`Middlename`,`Lastname`,`AccountBalance`,`UserID`)
VALUES
  (9,"Nayda","Randall","Kane",77201,17);
INSERT INTO `Driver` (`DriverID`,`Firstname`,`Middlename`,`Lastname`,`AccountBalance`,`UserID`)
VALUES
  (10,"Brielle","Mejia","Gallagher",60548,19);
INSERT INTO `Driver` (`DriverID`,`Firstname`,`Middlename`,`Lastname`,`AccountBalance`,`UserID`)
VALUES
  (11,"Lance","Sutton","Mcneil",22108,21);
INSERT INTO `Driver` (`DriverID`,`Firstname`,`Middlename`,`Lastname`,`AccountBalance`,`UserID`)
VALUES
  (12,"Oprah","Witt","Kelly",62486,23);
INSERT INTO `Driver` (`DriverID`,`Firstname`,`Middlename`,`Lastname`,`AccountBalance`,`UserID`)
VALUES
  (13,"Lara","Good","Ortiz",98060,25);
INSERT INTO `Driver` (`DriverID`,`Firstname`,`Middlename`,`Lastname`,`AccountBalance`,`UserID`)
VALUES
  (14,"Josiah","Patton","Hancock",52471,27);
INSERT INTO `Driver` (`DriverID`,`Firstname`,`Middlename`,`Lastname`,`AccountBalance`,`UserID`)
VALUES
  (15,"Slade","Cortez","Beard",31037,29);
INSERT INTO `Driver` (`DriverID`,`Firstname`,`Middlename`,`Lastname`,`AccountBalance`,`UserID`)
VALUES
  (16,"Clare","Lester","Downs",86729,31);
INSERT INTO `Driver` (`DriverID`,`Firstname`,`Middlename`,`Lastname`,`AccountBalance`,`UserID`)
VALUES
  (17,"Byron","Clayton","Martinez",54487,33);
INSERT INTO `Driver` (`DriverID`,`Firstname`,`Middlename`,`Lastname`,`AccountBalance`,`UserID`)
VALUES
  (18,"Brandon","Blevins","Mcfadden",78704,35);
INSERT INTO `Driver` (`DriverID`,`Firstname`,`Middlename`,`Lastname`,`AccountBalance`,`UserID`)
VALUES
  (19,"Kameko","Sweeney","Vance",75721,37);
INSERT INTO `Driver` (`DriverID`,`Firstname`,`Middlename`,`Lastname`,`AccountBalance`,`UserID`)
VALUES
  (20,"Solomon","Valenzuela","Leonard",35543,39);
INSERT INTO `Driver` (`DriverID`,`Firstname`,`Middlename`,`Lastname`,`AccountBalance`,`UserID`)
VALUES
  (103,"Sunio","Valena","Leonard",35543,39);
INSERT INTO `Driver` (`DriverID`,`Firstname`,`Middlename`,`Lastname`,`AccountBalance`,`UserID`)
VALUES
  (21,"Emmanuel","Clements","Gilbert",33460,41);
INSERT INTO `Driver` (`DriverID`,`Firstname`,`Middlename`,`Lastname`,`AccountBalance`,`UserID`)
VALUES
  (22,"Kuame","Roth","Ellis",42641,43);
INSERT INTO `Driver` (`DriverID`,`Firstname`,`Middlename`,`Lastname`,`AccountBalance`,`UserID`)
VALUES
  (23,"Christine","Reyes","Wilkerson",72003,45);
INSERT INTO `Driver` (`DriverID`,`Firstname`,`Middlename`,`Lastname`,`AccountBalance`,`UserID`)
VALUES
  (104,"Christineya","Reyesa","Wilker",72003,45);
INSERT INTO `Driver` (`DriverID`,`Firstname`,`Middlename`,`Lastname`,`AccountBalance`,`UserID`)
VALUES
  (24,"Brenden","Solomon","Swanson",88639,47);
INSERT INTO `Driver` (`DriverID`,`Firstname`,`Middlename`,`Lastname`,`AccountBalance`,`UserID`)
VALUES
  (25,"Ima","Garrett","Donaldson",16002,49);
INSERT INTO `Driver` (`DriverID`,`Firstname`,`Middlename`,`Lastname`,`AccountBalance`,`UserID`)
VALUES
  (26,"Mary","Dorsey","Pennington",66353,51);
INSERT INTO `Driver` (`DriverID`,`Firstname`,`Middlename`,`Lastname`,`AccountBalance`,`UserID`)
VALUES
  (27,"Sarah","Larson","Weber",61193,53);
INSERT INTO `Driver` (`DriverID`,`Firstname`,`Middlename`,`Lastname`,`AccountBalance`,`UserID`)
VALUES
  (28,"Slade","Banks","York",93108,55);
INSERT INTO `Driver` (`DriverID`,`Firstname`,`Middlename`,`Lastname`,`AccountBalance`,`UserID`)
VALUES
  (29,"Adara","Barrett","Ortega",20741,57);
INSERT INTO `Driver` (`DriverID`,`Firstname`,`Middlename`,`Lastname`,`AccountBalance`,`UserID`)
VALUES
  (30,"Brynne","Livingston","James",58208,59);
INSERT INTO `Driver` (`DriverID`,`Firstname`,`Middlename`,`Lastname`,`AccountBalance`,`UserID`)
VALUES
  (31,"Timothy","Daniel","Miranda",23473,61);
INSERT INTO `Driver` (`DriverID`,`Firstname`,`Middlename`,`Lastname`,`AccountBalance`,`UserID`)
VALUES
  (32,"Callie","Weiss","Taylor",94872,63);
INSERT INTO `Driver` (`DriverID`,`Firstname`,`Middlename`,`Lastname`,`AccountBalance`,`UserID`)
VALUES
  (33,"Brenna","Gay","Ross",47564,65);
INSERT INTO `Driver` (`DriverID`,`Firstname`,`Middlename`,`Lastname`,`AccountBalance`,`UserID`)
VALUES
  (34,"Francesca","Thornton","Bennett",42560,67);
INSERT INTO `Driver` (`DriverID`,`Firstname`,`Middlename`,`Lastname`,`AccountBalance`,`UserID`)
VALUES
  (35,"Alma","Bright","Ortiz",79591,69);
INSERT INTO `Driver` (`DriverID`,`Firstname`,`Middlename`,`Lastname`,`AccountBalance`,`UserID`)
VALUES
  (105,"Almata","Brig","Ortiga",78591,69);
INSERT INTO `Driver` (`DriverID`,`Firstname`,`Middlename`,`Lastname`,`AccountBalance`,`UserID`)
VALUES
  (36,"Joan","Whitley","Soto",52534,71);
INSERT INTO `Driver` (`DriverID`,`Firstname`,`Middlename`,`Lastname`,`AccountBalance`,`UserID`)
VALUES
  (37,"Jocelyn","Fields","Griffith",58345,73);
INSERT INTO `Driver` (`DriverID`,`Firstname`,`Middlename`,`Lastname`,`AccountBalance`,`UserID`)
VALUES
  (38,"Justine","Riggs","Bowen",35381,75);
INSERT INTO `Driver` (`DriverID`,`Firstname`,`Middlename`,`Lastname`,`AccountBalance`,`UserID`)
VALUES
  (39,"Vincent","Solomon","Carver",89321,77);
INSERT INTO `Driver` (`DriverID`,`Firstname`,`Middlename`,`Lastname`,`AccountBalance`,`UserID`)
VALUES
  (40,"Allegra","Ramos","Williamson",71791,79);
INSERT INTO `Driver` (`DriverID`,`Firstname`,`Middlename`,`Lastname`,`AccountBalance`,`UserID`)
VALUES
  (41,"Georgia","Kirk","Hartman",20141,81);
INSERT INTO `Driver` (`DriverID`,`Firstname`,`Middlename`,`Lastname`,`AccountBalance`,`UserID`)
VALUES
  (42,"Herman","Curry","Church",15984,83);
INSERT INTO `Driver` (`DriverID`,`Firstname`,`Middlename`,`Lastname`,`AccountBalance`,`UserID`)
VALUES
  (43,"Rebecca","Vasquez","Sargent",12918,85);
INSERT INTO `Driver` (`DriverID`,`Firstname`,`Middlename`,`Lastname`,`AccountBalance`,`UserID`)
VALUES
  (44,"Imelda","Baker","Forbes",66730,87);
INSERT INTO `Driver` (`DriverID`,`Firstname`,`Middlename`,`Lastname`,`AccountBalance`,`UserID`)
VALUES
  (45,"Phillip","Lloyd","Leach",88136,89);
INSERT INTO `Driver` (`DriverID`,`Firstname`,`Middlename`,`Lastname`,`AccountBalance`,`UserID`)
VALUES
  (46,"Idona","Park","Best",21843,91);
INSERT INTO `Driver` (`DriverID`,`Firstname`,`Middlename`,`Lastname`,`AccountBalance`,`UserID`)
VALUES
  (47,"Nero","Schultz","Mcmahon",72301,93);
INSERT INTO `Driver` (`DriverID`,`Firstname`,`Middlename`,`Lastname`,`AccountBalance`,`UserID`)
VALUES
  (48,"Rana","Parrish","Donaldson",95555,95);
INSERT INTO `Driver` (`DriverID`,`Firstname`,`Middlename`,`Lastname`,`AccountBalance`,`UserID`)
VALUES
  (49,"Conan","Herring","Britt",92180,97);
INSERT INTO `Driver` (`DriverID`,`Firstname`,`Middlename`,`Lastname`,`AccountBalance`,`UserID`)
VALUES
  (50,"Molly","Hartman","Woodard",93306,99);

INSERT INTO `Driver` (`DriverID`,`Firstname`,`Middlename`,`Lastname`,`AccountBalance`,`UserID`)
VALUES
  (51,"Amelia","Fowler","Hahn",81419,2);
INSERT INTO `Driver` (`DriverID`,`Firstname`,`Middlename`,`Lastname`,`AccountBalance`,`UserID`)
VALUES
  (52,"Bethany","Mueller","Holder",56597,4);
INSERT INTO `Driver` (`DriverID`,`Firstname`,`Middlename`,`Lastname`,`AccountBalance`,`UserID`)
VALUES
  (53,"Jana","Jones","Long",23771,6);
INSERT INTO `Driver` (`DriverID`,`Firstname`,`Middlename`,`Lastname`,`AccountBalance`,`UserID`)
VALUES
  (54,"Kaye","Harding","Vincent",87580,8);
INSERT INTO `Driver` (`DriverID`,`Firstname`,`Middlename`,`Lastname`,`AccountBalance`,`UserID`)
VALUES
  (55,"Abigail","Kim","Avila",14290,10);
INSERT INTO `Driver` (`DriverID`,`Firstname`,`Middlename`,`Lastname`,`AccountBalance`,`UserID`)
VALUES
  (56,"Nola","Hamilton","Stewart",45266,12);
INSERT INTO `Driver` (`DriverID`,`Firstname`,`Middlename`,`Lastname`,`AccountBalance`,`UserID`)
VALUES
  (57,"Jonas","Larson","Hodge",29631,14);
INSERT INTO `Driver` (`DriverID`,`Firstname`,`Middlename`,`Lastname`,`AccountBalance`,`UserID`)
VALUES
  (58,"Quin","Collins","Everett",80433,16);
INSERT INTO `Driver` (`DriverID`,`Firstname`,`Middlename`,`Lastname`,`AccountBalance`,`UserID`)
VALUES
  (59,"Laith","Walter","Castro",51732,18);
INSERT INTO `Driver` (`DriverID`,`Firstname`,`Middlename`,`Lastname`,`AccountBalance`,`UserID`)
VALUES
  (60,"Nell","Gillespie","Peterson",46472,20);
INSERT INTO `Driver` (`DriverID`,`Firstname`,`Middlename`,`Lastname`,`AccountBalance`,`UserID`)
VALUES
  (61,"Halla","Williams","Moreno",27250,22);
INSERT INTO `Driver` (`DriverID`,`Firstname`,`Middlename`,`Lastname`,`AccountBalance`,`UserID`)
VALUES
  (62,"Nathan","Ortiz","Jensen",60110,24);
INSERT INTO `Driver` (`DriverID`,`Firstname`,`Middlename`,`Lastname`,`AccountBalance`,`UserID`)
VALUES
  (63,"Coby","Bass","Rivers",89417,26);
INSERT INTO `Driver` (`DriverID`,`Firstname`,`Middlename`,`Lastname`,`AccountBalance`,`UserID`)
VALUES
  (64,"Vernon","Aguilar","Byers",16613,28);
INSERT INTO `Driver` (`DriverID`,`Firstname`,`Middlename`,`Lastname`,`AccountBalance`,`UserID`)
VALUES
  (65,"Walter","Eaton","Morgan",55771,30);
INSERT INTO `Driver` (`DriverID`,`Firstname`,`Middlename`,`Lastname`,`AccountBalance`,`UserID`)
VALUES
  (66,"Zorita","Carson","Dillard",47888,32);
INSERT INTO `Driver` (`DriverID`,`Firstname`,`Middlename`,`Lastname`,`AccountBalance`,`UserID`)
VALUES
  (67,"Melodie","Barr","Valdez",38780,34);
INSERT INTO `Driver` (`DriverID`,`Firstname`,`Middlename`,`Lastname`,`AccountBalance`,`UserID`)
VALUES
  (68,"Yetta","Shields","Murphy",23967,36);
INSERT INTO `Driver` (`DriverID`,`Firstname`,`Middlename`,`Lastname`,`AccountBalance`,`UserID`)
VALUES
  (69,"Rama","Lucas","Terrell",67979,38);
INSERT INTO `Driver` (`DriverID`,`Firstname`,`Middlename`,`Lastname`,`AccountBalance`,`UserID`)
VALUES
  (70,"Jelani","Black","Greene",65196,40);
INSERT INTO `Driver` (`DriverID`,`Firstname`,`Middlename`,`Lastname`,`AccountBalance`,`UserID`)
VALUES
  (71,"Tatiana","Prince","Zamora",75022,42);
INSERT INTO `Driver` (`DriverID`,`Firstname`,`Middlename`,`Lastname`,`AccountBalance`,`UserID`)
VALUES
  (72,"MacKensie","Bradley","Soto",62778,44);
INSERT INTO `Driver` (`DriverID`,`Firstname`,`Middlename`,`Lastname`,`AccountBalance`,`UserID`)
VALUES
  (73,"Rudyard","Dawson","Ochoa",28832,46);
INSERT INTO `Driver` (`DriverID`,`Firstname`,`Middlename`,`Lastname`,`AccountBalance`,`UserID`)
VALUES
  (74,"Quynn","Harper","Ramirez",25293,48);
INSERT INTO `Driver` (`DriverID`,`Firstname`,`Middlename`,`Lastname`,`AccountBalance`,`UserID`)
VALUES
  (75,"Yasir","Bright","Whitley",35473,50);
INSERT INTO `Driver` (`DriverID`,`Firstname`,`Middlename`,`Lastname`,`AccountBalance`,`UserID`)
VALUES
  (76,"Reed","David","Lara",36434,52);
INSERT INTO `Driver` (`DriverID`,`Firstname`,`Middlename`,`Lastname`,`AccountBalance`,`UserID`)
VALUES
  (77,"Heidi","Frank","Ballard",15464,54);
INSERT INTO `Driver` (`DriverID`,`Firstname`,`Middlename`,`Lastname`,`AccountBalance`,`UserID`)
VALUES
  (78,"Jessamine","Santiago","Carson",67569,56);
INSERT INTO `Driver` (`DriverID`,`Firstname`,`Middlename`,`Lastname`,`AccountBalance`,`UserID`)
VALUES
  (79,"Lavinia","Ashley","Mays",93540,58);
INSERT INTO `Driver` (`DriverID`,`Firstname`,`Middlename`,`Lastname`,`AccountBalance`,`UserID`)
VALUES
  (80,"Kyle","Becker","Hutchinson",40134,60);
INSERT INTO `Driver` (`DriverID`,`Firstname`,`Middlename`,`Lastname`,`AccountBalance`,`UserID`)
VALUES
  (81,"Hammett","Aguilar","Anderson",64263,62);
INSERT INTO `Driver` (`DriverID`,`Firstname`,`Middlename`,`Lastname`,`AccountBalance`,`UserID`)
VALUES
  (82,"Donna","Bryan","Mcgee",83668,64);
INSERT INTO `Driver` (`DriverID`,`Firstname`,`Middlename`,`Lastname`,`AccountBalance`,`UserID`)
VALUES
  (83,"Angela","Mcgee","Wheeler",97365,66);
INSERT INTO `Driver` (`DriverID`,`Firstname`,`Middlename`,`Lastname`,`AccountBalance`,`UserID`)
VALUES
  (84,"Roary","Marshall","Fields",74488,68);
INSERT INTO `Driver` (`DriverID`,`Firstname`,`Middlename`,`Lastname`,`AccountBalance`,`UserID`)
VALUES
  (85,"Alec","Wynn","O'brien",56571,70);
INSERT INTO `Driver` (`DriverID`,`Firstname`,`Middlename`,`Lastname`,`AccountBalance`,`UserID`)
VALUES
  (86,"Serina","Hart","Short",88843,72);
INSERT INTO `Driver` (`DriverID`,`Firstname`,`Middlename`,`Lastname`,`AccountBalance`,`UserID`)
VALUES
  (87,"Vladimir","Mccullough","Kirk",50540,74);
INSERT INTO `Driver` (`DriverID`,`Firstname`,`Middlename`,`Lastname`,`AccountBalance`,`UserID`)
VALUES
  (88,"Brent","Sheppard","Pate",81832,76);
INSERT INTO `Driver` (`DriverID`,`Firstname`,`Middlename`,`Lastname`,`AccountBalance`,`UserID`)
VALUES
  (89,"Buckminster","Blake","Hernandez",64457,78);
INSERT INTO `Driver` (`DriverID`,`Firstname`,`Middlename`,`Lastname`,`AccountBalance`,`UserID`)
VALUES
  (90,"Micah","Hunter","Walter",84888,80);
INSERT INTO `Driver` (`DriverID`,`Firstname`,`Middlename`,`Lastname`,`AccountBalance`,`UserID`)
VALUES
  (91,"Georgia","Rowland","Fisher",87183,82);
INSERT INTO `Driver` (`DriverID`,`Firstname`,`Middlename`,`Lastname`,`AccountBalance`,`UserID`)
VALUES
  (92,"Daniel","O'donnell","Davis",96989,84);
INSERT INTO `Driver` (`DriverID`,`Firstname`,`Middlename`,`Lastname`,`AccountBalance`,`UserID`)
VALUES
  (93,"Quin","Sweeney","Church",74942,86);
INSERT INTO `Driver` (`DriverID`,`Firstname`,`Middlename`,`Lastname`,`AccountBalance`,`UserID`)
VALUES
  (94,"Willa","Mercer","Ewing",47289,88);
INSERT INTO `Driver` (`DriverID`,`Firstname`,`Middlename`,`Lastname`,`AccountBalance`,`UserID`)
VALUES
  (95,"Seth","Berry","Pittman",69834,90);
INSERT INTO `Driver` (`DriverID`,`Firstname`,`Middlename`,`Lastname`,`AccountBalance`,`UserID`)
VALUES
  (96,"Lester","Noble","Crane",18883,92);
INSERT INTO `Driver` (`DriverID`,`Firstname`,`Middlename`,`Lastname`,`AccountBalance`,`UserID`)
VALUES
  (97,"Rhona","Castillo","Sargent",61358,94);
INSERT INTO `Driver` (`DriverID`,`Firstname`,`Middlename`,`Lastname`,`AccountBalance`,`UserID`)
VALUES
  (98,"Preston","Olson","Holt",12692,96);
INSERT INTO `Driver` (`DriverID`,`Firstname`,`Middlename`,`Lastname`,`AccountBalance`,`UserID`)
VALUES
  (99,"Mark","Oneil","Wise",27335,98);
INSERT INTO `Driver` (`DriverID`,`Firstname`,`Middlename`,`Lastname`,`AccountBalance`,`UserID`)
VALUES
  (100,"Imelda","Herring","Butler",20927,100);




INSERT INTO `DriverMobileNO` (`DriverID`,`MobileNo`)
VALUES
  (1,22697);
INSERT INTO `DriverMobileNO` (`DriverID`,`MobileNo`)
VALUES
  (101,22634);
INSERT INTO `DriverMobileNO` (`DriverID`,`MobileNo`)
VALUES
  (102,25497);
INSERT INTO `DriverMobileNO` (`DriverID`,`MobileNo`)
VALUES
  (103,34697);
INSERT INTO `DriverMobileNO` (`DriverID`,`MobileNo`)
VALUES
  (104,27567);
INSERT INTO `DriverMobileNO` (`DriverID`,`MobileNo`)
VALUES
  (105,23242);
INSERT INTO `DriverMobileNO` (`DriverID`,`MobileNo`)
VALUES
  (2,50358);
INSERT INTO `DriverMobileNO` (`DriverID`,`MobileNo`)
VALUES
  (3,31398);
INSERT INTO `DriverMobileNO` (`DriverID`,`MobileNo`)
VALUES
  (4,20689);
INSERT INTO `DriverMobileNO` (`DriverID`,`MobileNo`)
VALUES
  (5,52413);
INSERT INTO `DriverMobileNO` (`DriverID`,`MobileNo`)
VALUES
  (6,67012);
INSERT INTO `DriverMobileNO` (`DriverID`,`MobileNo`)
VALUES
  (7,77842);
INSERT INTO `DriverMobileNO` (`DriverID`,`MobileNo`)
VALUES
  (8,65549);
INSERT INTO `DriverMobileNO` (`DriverID`,`MobileNo`)
VALUES
  (9,31889);
INSERT INTO `DriverMobileNO` (`DriverID`,`MobileNo`)
VALUES
  (10,98424);
INSERT INTO `DriverMobileNO` (`DriverID`,`MobileNo`)
VALUES
  (11,19005);
INSERT INTO `DriverMobileNO` (`DriverID`,`MobileNo`)
VALUES
  (12,29284);
INSERT INTO `DriverMobileNO` (`DriverID`,`MobileNo`)
VALUES
  (13,64467);
INSERT INTO `DriverMobileNO` (`DriverID`,`MobileNo`)
VALUES
  (14,98851);
INSERT INTO `DriverMobileNO` (`DriverID`,`MobileNo`)
VALUES
  (15,49672);
INSERT INTO `DriverMobileNO` (`DriverID`,`MobileNo`)
VALUES
  (16,42586);
INSERT INTO `DriverMobileNO` (`DriverID`,`MobileNo`)
VALUES
  (17,37759);
INSERT INTO `DriverMobileNO` (`DriverID`,`MobileNo`)
VALUES
  (18,31826);
INSERT INTO `DriverMobileNO` (`DriverID`,`MobileNo`)
VALUES
  (19,62111);
INSERT INTO `DriverMobileNO` (`DriverID`,`MobileNo`)
VALUES
  (20,26314);
INSERT INTO `DriverMobileNO` (`DriverID`,`MobileNo`)
VALUES
  (21,74304);
INSERT INTO `DriverMobileNO` (`DriverID`,`MobileNo`)
VALUES
  (22,94285);
INSERT INTO `DriverMobileNO` (`DriverID`,`MobileNo`)
VALUES
  (23,52632);
INSERT INTO `DriverMobileNO` (`DriverID`,`MobileNo`)
VALUES
  (24,41932);
INSERT INTO `DriverMobileNO` (`DriverID`,`MobileNo`)
VALUES
  (25,22021);
INSERT INTO `DriverMobileNO` (`DriverID`,`MobileNo`)
VALUES
  (26,92006);
INSERT INTO `DriverMobileNO` (`DriverID`,`MobileNo`)
VALUES
  (27,60243);
INSERT INTO `DriverMobileNO` (`DriverID`,`MobileNo`)
VALUES
  (28,11982);
INSERT INTO `DriverMobileNO` (`DriverID`,`MobileNo`)
VALUES
  (29,80400);
INSERT INTO `DriverMobileNO` (`DriverID`,`MobileNo`)
VALUES
  (30,37331);
INSERT INTO `DriverMobileNO` (`DriverID`,`MobileNo`)
VALUES
  (31,47917);
INSERT INTO `DriverMobileNO` (`DriverID`,`MobileNo`)
VALUES
  (32,40672);
INSERT INTO `DriverMobileNO` (`DriverID`,`MobileNo`)
VALUES
  (33,48078);
INSERT INTO `DriverMobileNO` (`DriverID`,`MobileNo`)
VALUES
  (34,42060);
INSERT INTO `DriverMobileNO` (`DriverID`,`MobileNo`)
VALUES
  (35,94513);
INSERT INTO `DriverMobileNO` (`DriverID`,`MobileNo`)
VALUES
  (36,27665);
INSERT INTO `DriverMobileNO` (`DriverID`,`MobileNo`)
VALUES
  (37,25148);
INSERT INTO `DriverMobileNO` (`DriverID`,`MobileNo`)
VALUES
  (38,46371);
INSERT INTO `DriverMobileNO` (`DriverID`,`MobileNo`)
VALUES
  (39,61429);
INSERT INTO `DriverMobileNO` (`DriverID`,`MobileNo`)
VALUES
  (40,46947);
INSERT INTO `DriverMobileNO` (`DriverID`,`MobileNo`)
VALUES
  (41,55036);
INSERT INTO `DriverMobileNO` (`DriverID`,`MobileNo`)
VALUES
  (42,69502);
INSERT INTO `DriverMobileNO` (`DriverID`,`MobileNo`)
VALUES
  (43,58193);
INSERT INTO `DriverMobileNO` (`DriverID`,`MobileNo`)
VALUES
  (44,12644);
INSERT INTO `DriverMobileNO` (`DriverID`,`MobileNo`)
VALUES
  (45,66568);
INSERT INTO `DriverMobileNO` (`DriverID`,`MobileNo`)
VALUES
  (46,85083);
INSERT INTO `DriverMobileNO` (`DriverID`,`MobileNo`)
VALUES
  (47,85432);
INSERT INTO `DriverMobileNO` (`DriverID`,`MobileNo`)
VALUES
  (48,94257);
INSERT INTO `DriverMobileNO` (`DriverID`,`MobileNo`)
VALUES
  (49,82676);
INSERT INTO `DriverMobileNO` (`DriverID`,`MobileNo`)
VALUES
  (50,87704);
INSERT INTO `DriverMobileNO` (`DriverID`,`MobileNo`)
VALUES
  (51,76704);
INSERT INTO `DriverMobileNO` (`DriverID`,`MobileNo`)
VALUES
  (52,41777);
INSERT INTO `DriverMobileNO` (`DriverID`,`MobileNo`)
VALUES
  (53,42630);
INSERT INTO `DriverMobileNO` (`DriverID`,`MobileNo`)
VALUES
  (54,26960);
INSERT INTO `DriverMobileNO` (`DriverID`,`MobileNo`)
VALUES
  (55,40600);
INSERT INTO `DriverMobileNO` (`DriverID`,`MobileNo`)
VALUES
  (56,95483);
INSERT INTO `DriverMobileNO` (`DriverID`,`MobileNo`)
VALUES
  (57,45762);
INSERT INTO `DriverMobileNO` (`DriverID`,`MobileNo`)
VALUES
  (58,16162);
INSERT INTO `DriverMobileNO` (`DriverID`,`MobileNo`)
VALUES
  (59,43996);
INSERT INTO `DriverMobileNO` (`DriverID`,`MobileNo`)
VALUES
  (60,46191);
INSERT INTO `DriverMobileNO` (`DriverID`,`MobileNo`)
VALUES
  (61,70035);
INSERT INTO `DriverMobileNO` (`DriverID`,`MobileNo`)
VALUES
  (62,30262);
INSERT INTO `DriverMobileNO` (`DriverID`,`MobileNo`)
VALUES
  (63,23792);
INSERT INTO `DriverMobileNO` (`DriverID`,`MobileNo`)
VALUES
  (64,76330);
INSERT INTO `DriverMobileNO` (`DriverID`,`MobileNo`)
VALUES
  (65,44173);
INSERT INTO `DriverMobileNO` (`DriverID`,`MobileNo`)
VALUES
  (66,28615);
INSERT INTO `DriverMobileNO` (`DriverID`,`MobileNo`)
VALUES
  (67,88854);
INSERT INTO `DriverMobileNO` (`DriverID`,`MobileNo`)
VALUES
  (68,77636);
INSERT INTO `DriverMobileNO` (`DriverID`,`MobileNo`)
VALUES
  (69,30501);
INSERT INTO `DriverMobileNO` (`DriverID`,`MobileNo`)
VALUES
  (70,17867);
INSERT INTO `DriverMobileNO` (`DriverID`,`MobileNo`)
VALUES
  (71,32492);
INSERT INTO `DriverMobileNO` (`DriverID`,`MobileNo`)
VALUES
  (72,78842);
INSERT INTO `DriverMobileNO` (`DriverID`,`MobileNo`)
VALUES
  (73,87419);
INSERT INTO `DriverMobileNO` (`DriverID`,`MobileNo`)
VALUES
  (74,83968);
INSERT INTO `DriverMobileNO` (`DriverID`,`MobileNo`)
VALUES
  (75,77011);
INSERT INTO `DriverMobileNO` (`DriverID`,`MobileNo`)
VALUES
  (76,98356);
INSERT INTO `DriverMobileNO` (`DriverID`,`MobileNo`)
VALUES
  (77,38438);
INSERT INTO `DriverMobileNO` (`DriverID`,`MobileNo`)
VALUES
  (78,11149);
INSERT INTO `DriverMobileNO` (`DriverID`,`MobileNo`)
VALUES
  (79,68228);
INSERT INTO `DriverMobileNO` (`DriverID`,`MobileNo`)
VALUES
  (80,95720);
INSERT INTO `DriverMobileNO` (`DriverID`,`MobileNo`)
VALUES
  (81,52552);
INSERT INTO `DriverMobileNO` (`DriverID`,`MobileNo`)
VALUES
  (82,99508);
INSERT INTO `DriverMobileNO` (`DriverID`,`MobileNo`)
VALUES
  (83,27007);
INSERT INTO `DriverMobileNO` (`DriverID`,`MobileNo`)
VALUES
  (84,61056);
INSERT INTO `DriverMobileNO` (`DriverID`,`MobileNo`)
VALUES
  (85,36021);
INSERT INTO `DriverMobileNO` (`DriverID`,`MobileNo`)
VALUES
  (86,19069);
INSERT INTO `DriverMobileNO` (`DriverID`,`MobileNo`)
VALUES
  (87,87811);
INSERT INTO `DriverMobileNO` (`DriverID`,`MobileNo`)
VALUES
  (88,30703);
INSERT INTO `DriverMobileNO` (`DriverID`,`MobileNo`)
VALUES
  (89,43831);
INSERT INTO `DriverMobileNO` (`DriverID`,`MobileNo`)
VALUES
  (90,24719);
INSERT INTO `DriverMobileNO` (`DriverID`,`MobileNo`)
VALUES
  (91,22577);
INSERT INTO `DriverMobileNO` (`DriverID`,`MobileNo`)
VALUES
  (92,82293);
INSERT INTO `DriverMobileNO` (`DriverID`,`MobileNo`)
VALUES
  (93,45513);
INSERT INTO `DriverMobileNO` (`DriverID`,`MobileNo`)
VALUES
  (94,80655);
INSERT INTO `DriverMobileNO` (`DriverID`,`MobileNo`)
VALUES
  (95,39240);
INSERT INTO `DriverMobileNO` (`DriverID`,`MobileNo`)
VALUES
  (96,87721);
INSERT INTO `DriverMobileNO` (`DriverID`,`MobileNo`)
VALUES
  (97,30261);
INSERT INTO `DriverMobileNO` (`DriverID`,`MobileNo`)
VALUES
  (98,11233);
INSERT INTO `DriverMobileNO` (`DriverID`,`MobileNo`)
VALUES
  (99,24712);
INSERT INTO `DriverMobileNO` (`DriverID`,`MobileNo`)
VALUES
  (100,82745);
INSERT INTO `DriverMobileNO` (`DriverID`,`MobileNo`)
VALUES
  (25,61581);
INSERT INTO `DriverMobileNO` (`DriverID`,`MobileNo`)
VALUES
  (30,15689);
INSERT INTO `DriverMobileNO` (`DriverID`,`MobileNo`)
VALUES
  (35,54919);
INSERT INTO `DriverMobileNO` (`DriverID`,`MobileNo`)
VALUES
  (40,33426);
INSERT INTO `DriverMobileNO` (`DriverID`,`MobileNo`)
VALUES
  (45,19156);
INSERT INTO `DriverMobileNO` (`DriverID`,`MobileNo`)
VALUES
  (50,61856);
INSERT INTO `DriverMobileNO` (`DriverID`,`MobileNo`)
VALUES
  (55,83811);
INSERT INTO `DriverMobileNO` (`DriverID`,`MobileNo`)
VALUES
  (60,98865);
INSERT INTO `DriverMobileNO` (`DriverID`,`MobileNo`)
VALUES
  (65,47268);
INSERT INTO `DriverMobileNO` (`DriverID`,`MobileNo`)
VALUES
  (70,27821);




INSERT INTO `Cab` (`CabID`,`CarModel`,`CabType`,`DriverID`)
VALUES
  (1,"Stephens","Myra",1);
INSERT INTO `Cab` (`CabID`,`CarModel`,`CabType`,`DriverID`)
VALUES
  (2,"Anthony","Lillith",2);
INSERT INTO `Cab` (`CabID`,`CarModel`,`CabType`,`DriverID`)
VALUES
  (3,"O'brien","Ashton",3);
INSERT INTO `Cab` (`CabID`,`CarModel`,`CabType`,`DriverID`)
VALUES
  (4,"Vargas","Samantha",4);
INSERT INTO `Cab` (`CabID`,`CarModel`,`CabType`,`DriverID`)
VALUES
  (5,"Mckinney","Robert",5);
INSERT INTO `Cab` (`CabID`,`CarModel`,`CabType`,`DriverID`)
VALUES
  (6,"Burnett","Otto",6);
INSERT INTO `Cab` (`CabID`,`CarModel`,`CabType`,`DriverID`)
VALUES
  (7,"Barrera","Berk",7);
INSERT INTO `Cab` (`CabID`,`CarModel`,`CabType`,`DriverID`)
VALUES
  (8,"Garrison","Ian",8);
INSERT INTO `Cab` (`CabID`,`CarModel`,`CabType`,`DriverID`)
VALUES
  (9,"Lee","Brennan",9);
INSERT INTO `Cab` (`CabID`,`CarModel`,`CabType`,`DriverID`)
VALUES
  (10,"Buckner","Daniel",10);
INSERT INTO `Cab` (`CabID`,`CarModel`,`CabType`,`DriverID`)
VALUES
  (11,"Harrison","Ria",11);
INSERT INTO `Cab` (`CabID`,`CarModel`,`CabType`,`DriverID`)
VALUES
  (12,"Boyle","Carson",12);
INSERT INTO `Cab` (`CabID`,`CarModel`,`CabType`,`DriverID`)
VALUES
  (13,"Patton","Raya",13);
INSERT INTO `Cab` (`CabID`,`CarModel`,`CabType`,`DriverID`)
VALUES
  (14,"Richards","Troy",14);
INSERT INTO `Cab` (`CabID`,`CarModel`,`CabType`,`DriverID`)
VALUES
  (15,"Kent","Drake",15);
INSERT INTO `Cab` (`CabID`,`CarModel`,`CabType`,`DriverID`)
VALUES
  (16,"Key","Ulysses",16);
INSERT INTO `Cab` (`CabID`,`CarModel`,`CabType`,`DriverID`)
VALUES
  (17,"Long","Cyrus",17);
INSERT INTO `Cab` (`CabID`,`CarModel`,`CabType`,`DriverID`)
VALUES
  (18,"Carson","Martin",18);
INSERT INTO `Cab` (`CabID`,`CarModel`,`CabType`,`DriverID`)
VALUES
  (19,"Talley","Nasim",19);
INSERT INTO `Cab` (`CabID`,`CarModel`,`CabType`,`DriverID`)
VALUES
  (20,"Britt","Avram",20);
INSERT INTO `Cab` (`CabID`,`CarModel`,`CabType`,`DriverID`)
VALUES
  (21,"Castaneda","Quynn",21);
INSERT INTO `Cab` (`CabID`,`CarModel`,`CabType`,`DriverID`)
VALUES
  (22,"Colon","Fulton",22);
INSERT INTO `Cab` (`CabID`,`CarModel`,`CabType`,`DriverID`)
VALUES
  (23,"Cobb","Brenna",23);
INSERT INTO `Cab` (`CabID`,`CarModel`,`CabType`,`DriverID`)
VALUES
  (24,"Farrell","Ayanna",24);
INSERT INTO `Cab` (`CabID`,`CarModel`,`CabType`,`DriverID`)
VALUES
  (25,"Dennis","Jescie",25);
INSERT INTO `Cab` (`CabID`,`CarModel`,`CabType`,`DriverID`)
VALUES
  (26,"Bennett","Knox",26);
INSERT INTO `Cab` (`CabID`,`CarModel`,`CabType`,`DriverID`)
VALUES
  (27,"Lyons","Graiden",27);
INSERT INTO `Cab` (`CabID`,`CarModel`,`CabType`,`DriverID`)
VALUES
  (28,"Flowers","Justin",28);
INSERT INTO `Cab` (`CabID`,`CarModel`,`CabType`,`DriverID`)
VALUES
  (29,"Marsh","Byron",29);
INSERT INTO `Cab` (`CabID`,`CarModel`,`CabType`,`DriverID`)
VALUES
  (30,"Jackson","Katelyn",30);
INSERT INTO `Cab` (`CabID`,`CarModel`,`CabType`,`DriverID`)
VALUES
  (31,"Serrano","Lyle",31);
INSERT INTO `Cab` (`CabID`,`CarModel`,`CabType`,`DriverID`)
VALUES
  (32,"Velasquez","Armand",32);
INSERT INTO `Cab` (`CabID`,`CarModel`,`CabType`,`DriverID`)
VALUES
  (33,"Elliott","Zia",33);
INSERT INTO `Cab` (`CabID`,`CarModel`,`CabType`,`DriverID`)
VALUES
  (34,"Wheeler","Preston",34);
INSERT INTO `Cab` (`CabID`,`CarModel`,`CabType`,`DriverID`)
VALUES
  (35,"Bridges","Dexter",35);
INSERT INTO `Cab` (`CabID`,`CarModel`,`CabType`,`DriverID`)
VALUES
  (35,"Bridges","Dexter",36);
INSERT INTO `Cab` (`CabID`,`CarModel`,`CabType`,`DriverID`)
VALUES
  (37,"Stephenson","Ila",37);
INSERT INTO `Cab` (`CabID`,`CarModel`,`CabType`,`DriverID`)
VALUES
  (38,"Cain","Summer",38);
INSERT INTO `Cab` (`CabID`,`CarModel`,`CabType`,`DriverID`)
VALUES
  (39,"Walker","Imogene",39);
INSERT INTO `Cab` (`CabID`,`CarModel`,`CabType`,`DriverID`)
VALUES
  (40,"Day","Kitra",40);
INSERT INTO `Cab` (`CabID`,`CarModel`,`CabType`,`DriverID`)
VALUES
  (41,"Cardenas","Keegan",41);
INSERT INTO `Cab` (`CabID`,`CarModel`,`CabType`,`DriverID`)
VALUES
  (42,"Whitaker","Adria",42);
INSERT INTO `Cab` (`CabID`,`CarModel`,`CabType`,`DriverID`)
VALUES
  (43,"Cooper","Travis",43);
INSERT INTO `Cab` (`CabID`,`CarModel`,`CabType`,`DriverID`)
VALUES
  (44,"Kramer","Gretchen",44);
INSERT INTO `Cab` (`CabID`,`CarModel`,`CabType`,`DriverID`)
VALUES
  (44,"Kramer","Gretchen",45);
INSERT INTO `Cab` (`CabID`,`CarModel`,`CabType`,`DriverID`)
VALUES
  (46,"Luna","Brynne",46);
INSERT INTO `Cab` (`CabID`,`CarModel`,`CabType`,`DriverID`)
VALUES
  (47,"Craig","Samson",47);
INSERT INTO `Cab` (`CabID`,`CarModel`,`CabType`,`DriverID`)
VALUES
  (48,"Moses","Hedda",48);
INSERT INTO `Cab` (`CabID`,`CarModel`,`CabType`,`DriverID`)
VALUES
  (49,"Pitts","Nomlanga",49);
INSERT INTO `Cab` (`CabID`,`CarModel`,`CabType`,`DriverID`)
VALUES
  (50,"Rogers","Breanna",50);
INSERT INTO `Cab` (`CabID`,`CarModel`,`CabType`,`DriverID`)
VALUES
  (47,"Valdez","Lucian",51);
INSERT INTO `Cab` (`CabID`,`CarModel`,`CabType`,`DriverID`)
VALUES
  (52,"Aguirre","MacKensie",52);
INSERT INTO `Cab` (`CabID`,`CarModel`,`CabType`,`DriverID`)
VALUES
  (53,"Cummings","Dustin",53);
INSERT INTO `Cab` (`CabID`,`CarModel`,`CabType`,`DriverID`)
VALUES
  (54,"King","Talon",54);
INSERT INTO `Cab` (`CabID`,`CarModel`,`CabType`,`DriverID`)
VALUES
  (55,"Vaughn","Audrey",55);
INSERT INTO `Cab` (`CabID`,`CarModel`,`CabType`,`DriverID`)
VALUES
  (56,"Kramer","Kibo",56);
INSERT INTO `Cab` (`CabID`,`CarModel`,`CabType`,`DriverID`)
VALUES
  (57,"Joyner","Macy",57);
INSERT INTO `Cab` (`CabID`,`CarModel`,`CabType`,`DriverID`)
VALUES
  (54,"Carrillo","Yoshio",58);
INSERT INTO `Cab` (`CabID`,`CarModel`,`CabType`,`DriverID`)
VALUES
  (59,"Gibbs","Kelsie",59);
INSERT INTO `Cab` (`CabID`,`CarModel`,`CabType`,`DriverID`)
VALUES
  (60,"Randolph","Amos",60);
INSERT INTO `Cab` (`CabID`,`CarModel`,`CabType`,`DriverID`)
VALUES
  (61,"Workman","Jelani",61);
INSERT INTO `Cab` (`CabID`,`CarModel`,`CabType`,`DriverID`)
VALUES
  (62,"Pace","Xyla",62);
INSERT INTO `Cab` (`CabID`,`CarModel`,`CabType`,`DriverID`)
VALUES
  (63,"Weeks","Nash",63);
INSERT INTO `Cab` (`CabID`,`CarModel`,`CabType`,`DriverID`)
VALUES
  (64,"Dixon","Mark",64);
INSERT INTO `Cab` (`CabID`,`CarModel`,`CabType`,`DriverID`)
VALUES
  (65,"Abbott","Rhea",65);
INSERT INTO `Cab` (`CabID`,`CarModel`,`CabType`,`DriverID`)
VALUES
  (66,"Kelley","Cullen",66);
INSERT INTO `Cab` (`CabID`,`CarModel`,`CabType`,`DriverID`)
VALUES
  (61,"Bullock","Roary",67);
INSERT INTO `Cab` (`CabID`,`CarModel`,`CabType`,`DriverID`)
VALUES
  (68,"Cabrera","Neil",68);
INSERT INTO `Cab` (`CabID`,`CarModel`,`CabType`,`DriverID`)
VALUES
  (69,"Cherry","Juliet",69);
INSERT INTO `Cab` (`CabID`,`CarModel`,`CabType`,`DriverID`)
VALUES
  (70,"Floyd","Ora",70);
INSERT INTO `Cab` (`CabID`,`CarModel`,`CabType`,`DriverID`)
VALUES
  (71,"Hale","William",71);
INSERT INTO `Cab` (`CabID`,`CarModel`,`CabType`,`DriverID`)
VALUES
  (72,"Dennis","Elijah",72);
INSERT INTO `Cab` (`CabID`,`CarModel`,`CabType`,`DriverID`)
VALUES
  (73,"Parsons","Jasmine",73);
INSERT INTO `Cab` (`CabID`,`CarModel`,`CabType`,`DriverID`)
VALUES
  (74,"Holman","Omar",74);
INSERT INTO `Cab` (`CabID`,`CarModel`,`CabType`,`DriverID`)
VALUES
  (72,"Patel","Briar",75);
INSERT INTO `Cab` (`CabID`,`CarModel`,`CabType`,`DriverID`)
VALUES
  (76,"Day","Tatiana",76);
INSERT INTO `Cab` (`CabID`,`CarModel`,`CabType`,`DriverID`)
VALUES
  (77,"Russell","Lenore",77);
INSERT INTO `Cab` (`CabID`,`CarModel`,`CabType`,`DriverID`)
VALUES
  (78,"Rojas","Gray",78);
INSERT INTO `Cab` (`CabID`,`CarModel`,`CabType`,`DriverID`)
VALUES
  (79,"Schroeder","Paul",79);
INSERT INTO `Cab` (`CabID`,`CarModel`,`CabType`,`DriverID`)
VALUES
  (80,"Mcgowan","Martin",80);
INSERT INTO `Cab` (`CabID`,`CarModel`,`CabType`,`DriverID`)
VALUES
  (81,"Patrick","Ora",81);
INSERT INTO `Cab` (`CabID`,`CarModel`,`CabType`,`DriverID`)
VALUES
  (82,"Padilla","Leslie",82);
INSERT INTO `Cab` (`CabID`,`CarModel`,`CabType`,`DriverID`)
VALUES
  (53,"Fuentes","Carlos",83);
INSERT INTO `Cab` (`CabID`,`CarModel`,`CabType`,`DriverID`)
VALUES
  (84,"Hampton","Igor",84);
INSERT INTO `Cab` (`CabID`,`CarModel`,`CabType`,`DriverID`)
VALUES
  (85,"Ramos","Ahmed",85);
INSERT INTO `Cab` (`CabID`,`CarModel`,`CabType`,`DriverID`)
VALUES
  (86,"Palmer","Adam",86);
INSERT INTO `Cab` (`CabID`,`CarModel`,`CabType`,`DriverID`)
VALUES
  (87,"Sweeney","Garrett",87);
INSERT INTO `Cab` (`CabID`,`CarModel`,`CabType`,`DriverID`)
VALUES
  (88,"Farley","Hayden",88);
INSERT INTO `Cab` (`CabID`,`CarModel`,`CabType`,`DriverID`)
VALUES
  (89,"Marsh","Raymond",89);
INSERT INTO `Cab` (`CabID`,`CarModel`,`CabType`,`DriverID`)
VALUES
  (90,"Cooper","Brady",90);
INSERT INTO `Cab` (`CabID`,`CarModel`,`CabType`,`DriverID`)
VALUES
  (91,"Mcfarland","Jescie",91);
INSERT INTO `Cab` (`CabID`,`CarModel`,`CabType`,`DriverID`)
VALUES
  (92,"Castro","Iola",92);
INSERT INTO `Cab` (`CabID`,`CarModel`,`CabType`,`DriverID`)
VALUES
  (93,"Oliver","Rhona",93);
INSERT INTO `Cab` (`CabID`,`CarModel`,`CabType`,`DriverID`)
VALUES
  (84,"Alston","Ivan",94);
INSERT INTO `Cab` (`CabID`,`CarModel`,`CabType`,`DriverID`)
VALUES
  (95,"Jones","Tad",95);
INSERT INTO `Cab` (`CabID`,`CarModel`,`CabType`,`DriverID`)
VALUES
  (96,"Curtis","Lee",96);
INSERT INTO `Cab` (`CabID`,`CarModel`,`CabType`,`DriverID`)
VALUES
  (97,"Burns","Naida",97);
INSERT INTO `Cab` (`CabID`,`CarModel`,`CabType`,`DriverID`)
VALUES
  (56,"Roth","Edan",98);
INSERT INTO `Cab` (`CabID`,`CarModel`,`CabType`,`DriverID`)
VALUES
  (21,"Trujillo","Evelyn",99);
INSERT INTO `Cab` (`CabID`,`CarModel`,`CabType`,`DriverID`)
VALUES
  (54,"Adams","Cullen",100);
INSERT INTO `Cab` (`CabID`,`CarModel`,`CabType`,`DriverID`)
VALUES
  (96,"Curtis","Lee",101);
INSERT INTO `Cab` (`CabID`,`CarModel`,`CabType`,`DriverID`)
VALUES
  (97,"Burns","Naida",102);
INSERT INTO `Cab` (`CabID`,`CarModel`,`CabType`,`DriverID`)
VALUES
  (58,"Roth","Edan",103);
INSERT INTO `Cab` (`CabID`,`CarModel`,`CabType`,`DriverID`)
VALUES
  (100,"Trujillo","Evelyn",104);
INSERT INTO `Cab` (`CabID`,`CarModel`,`CabType`,`DriverID`)
VALUES
  (56,"Adams","Cullen",105);



Alter table Ride
add DriverID int not null;

Alter table Ride
add Foreign key (DriverID) references Driver(DriverID); 

INSERT INTO `Ride` (`RideID`,`Fare`,`Days`,`Months`,`Years`,`Hours`,`Minutes`,`Seconds`,`UserID`,`DriverID`)
VALUES
  (1,8480,21,10,2185,14,44,1,25,1);
INSERT INTO `Ride` (`RideID`,`Fare`,`Days`,`Months`,`Years`,`Hours`,`Minutes`,`Seconds`,`UserID`,`DriverID`)
VALUES
  (101,8480,21,10,2185,14,44,1,1,1);
INSERT INTO `Ride` (`RideID`,`Fare`,`Days`,`Months`,`Years`,`Hours`,`Minutes`,`Seconds`,`UserID`,`DriverID`)
VALUES
  (2,2093,13,11,2046,16,4,5,3,2);
INSERT INTO `Ride` (`RideID`,`Fare`,`Days`,`Months`,`Years`,`Hours`,`Minutes`,`Seconds`,`UserID`,`DriverID`)
VALUES
  (3,6348,16,8,2323,24,37,12,5,3);
INSERT INTO `Ride` (`RideID`,`Fare`,`Days`,`Months`,`Years`,`Hours`,`Minutes`,`Seconds`,`UserID`,`DriverID`)
VALUES
  (4,6716,13,4,2990,30,1,1,7,4);
INSERT INTO `Ride` (`RideID`,`Fare`,`Days`,`Months`,`Years`,`Hours`,`Minutes`,`Seconds`,`UserID`,`DriverID`)
VALUES
  (5,2118,15,10,2341,29,31,19,9,5);
INSERT INTO `Ride` (`RideID`,`Fare`,`Days`,`Months`,`Years`,`Hours`,`Minutes`,`Seconds`,`UserID`,`DriverID`)
VALUES
  (6,9101,18,3,2671,10,47,49,11,6);
INSERT INTO `Ride` (`RideID`,`Fare`,`Days`,`Months`,`Years`,`Hours`,`Minutes`,`Seconds`,`UserID`,`DriverID`)
VALUES
  (7,3775,18,11,2676,29,60,56,13,7);
INSERT INTO `Ride` (`RideID`,`Fare`,`Days`,`Months`,`Years`,`Hours`,`Minutes`,`Seconds`,`UserID`,`DriverID`)
VALUES
  (8,4354,10,2,2585,25,54,46,15,8);
INSERT INTO `Ride` (`RideID`,`Fare`,`Days`,`Months`,`Years`,`Hours`,`Minutes`,`Seconds`,`UserID`,`DriverID`)
VALUES
  (9,8979,21,7,2107,37,36,28,17,9);
INSERT INTO `Ride` (`RideID`,`Fare`,`Days`,`Months`,`Years`,`Hours`,`Minutes`,`Seconds`,`UserID`,`DriverID`)
VALUES
  (102,8979,21,7,2107,37,36,28,17,54);
INSERT INTO `Ride` (`RideID`,`Fare`,`Days`,`Months`,`Years`,`Hours`,`Minutes`,`Seconds`,`UserID`,`DriverID`)
VALUES
  (10,1046,2,9,2746,12,31,56,19,10);
INSERT INTO `Ride` (`RideID`,`Fare`,`Days`,`Months`,`Years`,`Hours`,`Minutes`,`Seconds`,`UserID`,`DriverID`)
VALUES
  (11,4335,3,2,2413,18,26,25,21,11);
INSERT INTO `Ride` (`RideID`,`Fare`,`Days`,`Months`,`Years`,`Hours`,`Minutes`,`Seconds`,`UserID`,`DriverID`)
VALUES
  (12,3823,19,4,2578,26,48,39,23,12);
INSERT INTO `Ride` (`RideID`,`Fare`,`Days`,`Months`,`Years`,`Hours`,`Minutes`,`Seconds`,`UserID`,`DriverID`)
VALUES
  (13,2138,26,2,2574,52,39,54,25,13);
INSERT INTO `Ride` (`RideID`,`Fare`,`Days`,`Months`,`Years`,`Hours`,`Minutes`,`Seconds`,`UserID`,`DriverID`)
VALUES
  (14,9789,10,3,2355,9,53,28,27,14);
INSERT INTO `Ride` (`RideID`,`Fare`,`Days`,`Months`,`Years`,`Hours`,`Minutes`,`Seconds`,`UserID`,`DriverID`)
VALUES
  (15,7195,10,12,2045,24,55,35,29,15);
INSERT INTO `Ride` (`RideID`,`Fare`,`Days`,`Months`,`Years`,`Hours`,`Minutes`,`Seconds`,`UserID`,`DriverID`)
VALUES
  (16,6030,10,4,2960,30,1,4,31,16);
INSERT INTO `Ride` (`RideID`,`Fare`,`Days`,`Months`,`Years`,`Hours`,`Minutes`,`Seconds`,`UserID`,`DriverID`)
VALUES
  (17,8391,28,2,2560,10,43,5,33,17);
INSERT INTO `Ride` (`RideID`,`Fare`,`Days`,`Months`,`Years`,`Hours`,`Minutes`,`Seconds`,`UserID`,`DriverID`)
VALUES
  (18,4043,27,8,2800,6,12,8,35,18);
INSERT INTO `Ride` (`RideID`,`Fare`,`Days`,`Months`,`Years`,`Hours`,`Minutes`,`Seconds`,`UserID`,`DriverID`)
VALUES
  (19,9965,21,1,2222,32,9,18,37,19);
INSERT INTO `Ride` (`RideID`,`Fare`,`Days`,`Months`,`Years`,`Hours`,`Minutes`,`Seconds`,`UserID`,`DriverID`)
VALUES
  (20,2977,15,6,2073,24,34,54,39,20);
INSERT INTO `Ride` (`RideID`,`Fare`,`Days`,`Months`,`Years`,`Hours`,`Minutes`,`Seconds`,`UserID`,`DriverID`)
VALUES
  (21,3329,17,11,2679,25,24,55,41,21);
INSERT INTO `Ride` (`RideID`,`Fare`,`Days`,`Months`,`Years`,`Hours`,`Minutes`,`Seconds`,`UserID`,`DriverID`)
VALUES
  (22,5810,18,12,2563,0,55,51,43,22);
INSERT INTO `Ride` (`RideID`,`Fare`,`Days`,`Months`,`Years`,`Hours`,`Minutes`,`Seconds`,`UserID`,`DriverID`)
VALUES
  (23,2530,10,3,2704,18,7,34,45,23);
INSERT INTO `Ride` (`RideID`,`Fare`,`Days`,`Months`,`Years`,`Hours`,`Minutes`,`Seconds`,`UserID`,`DriverID`)
VALUES
  (24,6036,18,7,2109,0,41,58,47,24);
INSERT INTO `Ride` (`RideID`,`Fare`,`Days`,`Months`,`Years`,`Hours`,`Minutes`,`Seconds`,`UserID`,`DriverID`)
VALUES
  (25,6720,7,7,2932,42,36,7,49,25);
INSERT INTO `Ride` (`RideID`,`Fare`,`Days`,`Months`,`Years`,`Hours`,`Minutes`,`Seconds`,`UserID`,`DriverID`)
VALUES
  (103,6720,7,7,2932,42,36,7,50,25);
INSERT INTO `Ride` (`RideID`,`Fare`,`Days`,`Months`,`Years`,`Hours`,`Minutes`,`Seconds`,`UserID`,`DriverID`)
VALUES
  (26,9620,7,10,2100,22,36,30,51,26);
INSERT INTO `Ride` (`RideID`,`Fare`,`Days`,`Months`,`Years`,`Hours`,`Minutes`,`Seconds`,`UserID`,`DriverID`)
VALUES
  (27,6508,18,7,2910,34,18,17,53,27);
INSERT INTO `Ride` (`RideID`,`Fare`,`Days`,`Months`,`Years`,`Hours`,`Minutes`,`Seconds`,`UserID`,`DriverID`)
VALUES
  (28,7892,1,4,2376,1,8,32,55,28);
INSERT INTO `Ride` (`RideID`,`Fare`,`Days`,`Months`,`Years`,`Hours`,`Minutes`,`Seconds`,`UserID`,`DriverID`)
VALUES
  (29,6776,27,6,2554,10,9,42,57,29);
INSERT INTO `Ride` (`RideID`,`Fare`,`Days`,`Months`,`Years`,`Hours`,`Minutes`,`Seconds`,`UserID`,`DriverID`)
VALUES
  (30,8127,27,12,2333,6,27,13,59,30);
INSERT INTO `Ride` (`RideID`,`Fare`,`Days`,`Months`,`Years`,`Hours`,`Minutes`,`Seconds`,`UserID`,`DriverID`)
VALUES
  (31,6918,7,1,2156,24,46,46,61,31);
INSERT INTO `Ride` (`RideID`,`Fare`,`Days`,`Months`,`Years`,`Hours`,`Minutes`,`Seconds`,`UserID`,`DriverID`)
VALUES
  (32,5594,7,3,2839,57,27,4,63,32);
INSERT INTO `Ride` (`RideID`,`Fare`,`Days`,`Months`,`Years`,`Hours`,`Minutes`,`Seconds`,`UserID`,`DriverID`)
VALUES
  (33,8837,27,7,2616,45,7,43,65,33);
INSERT INTO `Ride` (`RideID`,`Fare`,`Days`,`Months`,`Years`,`Hours`,`Minutes`,`Seconds`,`UserID`,`DriverID`)
VALUES
  (34,8547,4,8,2610,7,11,45,67,34);
INSERT INTO `Ride` (`RideID`,`Fare`,`Days`,`Months`,`Years`,`Hours`,`Minutes`,`Seconds`,`UserID`,`DriverID`)
VALUES
  (104,8247,4,11,2610,8,11,45,67,34);
INSERT INTO `Ride` (`RideID`,`Fare`,`Days`,`Months`,`Years`,`Hours`,`Minutes`,`Seconds`,`UserID`,`DriverID`)
VALUES
  (35,4960,24,2,2169,30,44,22,69,35);
INSERT INTO `Ride` (`RideID`,`Fare`,`Days`,`Months`,`Years`,`Hours`,`Minutes`,`Seconds`,`UserID`,`DriverID`)
VALUES
  (36,8692,28,12,2097,9,51,13,71,36);
INSERT INTO `Ride` (`RideID`,`Fare`,`Days`,`Months`,`Years`,`Hours`,`Minutes`,`Seconds`,`UserID`,`DriverID`)
VALUES
  (37,5157,16,3,2603,25,11,13,73,37);
INSERT INTO `Ride` (`RideID`,`Fare`,`Days`,`Months`,`Years`,`Hours`,`Minutes`,`Seconds`,`UserID`,`DriverID`)
VALUES
  (38,2995,30,4,2918,38,1,2,75,38);
INSERT INTO `Ride` (`RideID`,`Fare`,`Days`,`Months`,`Years`,`Hours`,`Minutes`,`Seconds`,`UserID`,`DriverID`)
VALUES
  (39,5514,24,10,2081,38,29,18,77,39);
INSERT INTO `Ride` (`RideID`,`Fare`,`Days`,`Months`,`Years`,`Hours`,`Minutes`,`Seconds`,`UserID`,`DriverID`)
VALUES
  (40,3816,22,5,2087,2,48,38,79,40);
INSERT INTO `Ride` (`RideID`,`Fare`,`Days`,`Months`,`Years`,`Hours`,`Minutes`,`Seconds`,`UserID`,`DriverID`)
VALUES
  (41,5872,13,8,2190,24,16,37,81,41);
INSERT INTO `Ride` (`RideID`,`Fare`,`Days`,`Months`,`Years`,`Hours`,`Minutes`,`Seconds`,`UserID`,`DriverID`)
VALUES
  (42,5375,6,4,2764,34,13,32,83,42);
INSERT INTO `Ride` (`RideID`,`Fare`,`Days`,`Months`,`Years`,`Hours`,`Minutes`,`Seconds`,`UserID`,`DriverID`)
VALUES
  (43,1906,17,11,2514,11,37,18,85,43);
INSERT INTO `Ride` (`RideID`,`Fare`,`Days`,`Months`,`Years`,`Hours`,`Minutes`,`Seconds`,`UserID`,`DriverID`)
VALUES
  (44,6174,20,6,2896,47,27,54,87,44);
INSERT INTO `Ride` (`RideID`,`Fare`,`Days`,`Months`,`Years`,`Hours`,`Minutes`,`Seconds`,`UserID`,`DriverID`)
VALUES
  (45,8863,20,10,2480,59,17,7,89,45);
INSERT INTO `Ride` (`RideID`,`Fare`,`Days`,`Months`,`Years`,`Hours`,`Minutes`,`Seconds`,`UserID`,`DriverID`)
VALUES
  (46,1206,22,6,2244,1,12,23,91,46);
INSERT INTO `Ride` (`RideID`,`Fare`,`Days`,`Months`,`Years`,`Hours`,`Minutes`,`Seconds`,`UserID`,`DriverID`)
VALUES
  (47,4019,12,2,2404,56,52,54,93,47);
INSERT INTO `Ride` (`RideID`,`Fare`,`Days`,`Months`,`Years`,`Hours`,`Minutes`,`Seconds`,`UserID`,`DriverID`)
VALUES
  (48,5425,5,6,2644,44,25,58,95,48);
INSERT INTO `Ride` (`RideID`,`Fare`,`Days`,`Months`,`Years`,`Hours`,`Minutes`,`Seconds`,`UserID`,`DriverID`)
VALUES
  (49,8917,7,2,2684,5,53,17,97,49);
INSERT INTO `Ride` (`RideID`,`Fare`,`Days`,`Months`,`Years`,`Hours`,`Minutes`,`Seconds`,`UserID`,`DriverID`)
VALUES
  (50,9169,3,5,2392,34,39,28,99,50);
INSERT INTO `Ride` (`RideID`,`Fare`,`Days`,`Months`,`Years`,`Hours`,`Minutes`,`Seconds`,`UserID`,`DriverID`)
VALUES
  (105,9469,3,5,2342,34,39,28,99,50);
INSERT INTO `Ride` (`RideID`,`Fare`,`Days`,`Months`,`Years`,`Hours`,`Minutes`,`Seconds`,`UserID`,`DriverID`)
VALUES
  (51,3219,23,7,2335,23,21,55,2,51);
INSERT INTO `Ride` (`RideID`,`Fare`,`Days`,`Months`,`Years`,`Hours`,`Minutes`,`Seconds`,`UserID`,`DriverID`)
VALUES
  (52,8678,10,4,2648,27,41,47,4,52);
INSERT INTO `Ride` (`RideID`,`Fare`,`Days`,`Months`,`Years`,`Hours`,`Minutes`,`Seconds`,`UserID`,`DriverID`)
VALUES
  (53,7864,17,4,2394,26,4,34,6,53);
INSERT INTO `Ride` (`RideID`,`Fare`,`Days`,`Months`,`Years`,`Hours`,`Minutes`,`Seconds`,`UserID`,`DriverID`)
VALUES
  (54,5964,21,4,2727,42,56,5,8,54);
INSERT INTO `Ride` (`RideID`,`Fare`,`Days`,`Months`,`Years`,`Hours`,`Minutes`,`Seconds`,`UserID`,`DriverID`)
VALUES
  (55,7793,19,10,2106,4,32,56,10,55);
INSERT INTO `Ride` (`RideID`,`Fare`,`Days`,`Months`,`Years`,`Hours`,`Minutes`,`Seconds`,`UserID`,`DriverID`)
VALUES
  (56,7766,26,3,2383,44,56,31,12,56);
INSERT INTO `Ride` (`RideID`,`Fare`,`Days`,`Months`,`Years`,`Hours`,`Minutes`,`Seconds`,`UserID`,`DriverID`)
VALUES
  (57,6661,9,7,2889,9,10,48,14,57);
INSERT INTO `Ride` (`RideID`,`Fare`,`Days`,`Months`,`Years`,`Hours`,`Minutes`,`Seconds`,`UserID`,`DriverID`)
VALUES
  (58,8827,20,12,2296,47,34,3,16,58);
INSERT INTO `Ride` (`RideID`,`Fare`,`Days`,`Months`,`Years`,`Hours`,`Minutes`,`Seconds`,`UserID`,`DriverID`)
VALUES
  (59,5349,12,11,2963,35,9,37,18,59);
INSERT INTO `Ride` (`RideID`,`Fare`,`Days`,`Months`,`Years`,`Hours`,`Minutes`,`Seconds`,`UserID`,`DriverID`)
VALUES
  (60,7619,11,3,2711,16,4,33,20,60);
INSERT INTO `Ride` (`RideID`,`Fare`,`Days`,`Months`,`Years`,`Hours`,`Minutes`,`Seconds`,`UserID`,`DriverID`)
VALUES
  (61,3893,29,5,2593,33,56,16,22,61);
INSERT INTO `Ride` (`RideID`,`Fare`,`Days`,`Months`,`Years`,`Hours`,`Minutes`,`Seconds`,`UserID`,`DriverID`)
VALUES
  (62,7590,12,10,2791,37,29,16,24,62);
INSERT INTO `Ride` (`RideID`,`Fare`,`Days`,`Months`,`Years`,`Hours`,`Minutes`,`Seconds`,`UserID`,`DriverID`)
VALUES
  (63,9772,8,11,2347,21,52,46,26,63);
INSERT INTO `Ride` (`RideID`,`Fare`,`Days`,`Months`,`Years`,`Hours`,`Minutes`,`Seconds`,`UserID`,`DriverID`)
VALUES
  (64,4252,3,1,2115,43,43,33,28,64);
INSERT INTO `Ride` (`RideID`,`Fare`,`Days`,`Months`,`Years`,`Hours`,`Minutes`,`Seconds`,`UserID`,`DriverID`)
VALUES
  (65,7524,18,3,2063,55,2,47,30,65);
INSERT INTO `Ride` (`RideID`,`Fare`,`Days`,`Months`,`Years`,`Hours`,`Minutes`,`Seconds`,`UserID`,`DriverID`)
VALUES
  (66,8926,27,4,2451,9,31,43,32,66);
INSERT INTO `Ride` (`RideID`,`Fare`,`Days`,`Months`,`Years`,`Hours`,`Minutes`,`Seconds`,`UserID`,`DriverID`)
VALUES
  (67,1924,21,7,2788,8,25,57,34,67);
INSERT INTO `Ride` (`RideID`,`Fare`,`Days`,`Months`,`Years`,`Hours`,`Minutes`,`Seconds`,`UserID`,`DriverID`)
VALUES
  (68,9836,2,10,2759,4,55,18,36,68);
INSERT INTO `Ride` (`RideID`,`Fare`,`Days`,`Months`,`Years`,`Hours`,`Minutes`,`Seconds`,`UserID`,`DriverID`)
VALUES
  (69,9642,5,1,3021,1,15,7,38,69);
INSERT INTO `Ride` (`RideID`,`Fare`,`Days`,`Months`,`Years`,`Hours`,`Minutes`,`Seconds`,`UserID`,`DriverID`)
VALUES
  (70,6951,19,7,2769,55,52,37,40,70);
INSERT INTO `Ride` (`RideID`,`Fare`,`Days`,`Months`,`Years`,`Hours`,`Minutes`,`Seconds`,`UserID`,`DriverID`)
VALUES
  (71,1018,15,8,2819,27,41,51,42,71);
INSERT INTO `Ride` (`RideID`,`Fare`,`Days`,`Months`,`Years`,`Hours`,`Minutes`,`Seconds`,`UserID`,`DriverID`)
VALUES
  (72,8489,15,8,2742,43,26,21,44,72);
INSERT INTO `Ride` (`RideID`,`Fare`,`Days`,`Months`,`Years`,`Hours`,`Minutes`,`Seconds`,`UserID`,`DriverID`)
VALUES
  (73,3390,22,11,2040,50,57,16,46,73);
INSERT INTO `Ride` (`RideID`,`Fare`,`Days`,`Months`,`Years`,`Hours`,`Minutes`,`Seconds`,`UserID`,`DriverID`)
VALUES
  (74,7353,6,9,2522,47,40,1,48,74);
INSERT INTO `Ride` (`RideID`,`Fare`,`Days`,`Months`,`Years`,`Hours`,`Minutes`,`Seconds`,`UserID`,`DriverID`)
VALUES
  (75,4456,24,10,2603,19,28,7,50,75);
INSERT INTO `Ride` (`RideID`,`Fare`,`Days`,`Months`,`Years`,`Hours`,`Minutes`,`Seconds`,`UserID`,`DriverID`)
VALUES
  (76,6639,7,8,2601,33,19,56,52,76);
INSERT INTO `Ride` (`RideID`,`Fare`,`Days`,`Months`,`Years`,`Hours`,`Minutes`,`Seconds`,`UserID`,`DriverID`)
VALUES
  (77,3855,16,1,2983,0,30,1,54,77);
INSERT INTO `Ride` (`RideID`,`Fare`,`Days`,`Months`,`Years`,`Hours`,`Minutes`,`Seconds`,`UserID`,`DriverID`)
VALUES
  (78,8045,25,5,2141,58,54,51,56,78);
INSERT INTO `Ride` (`RideID`,`Fare`,`Days`,`Months`,`Years`,`Hours`,`Minutes`,`Seconds`,`UserID`,`DriverID`)
VALUES
  (79,7656,7,4,2777,41,41,58,58,79);
INSERT INTO `Ride` (`RideID`,`Fare`,`Days`,`Months`,`Years`,`Hours`,`Minutes`,`Seconds`,`UserID`,`DriverID`)
VALUES
  (80,6539,18,11,2201,28,31,36,60,80);
INSERT INTO `Ride` (`RideID`,`Fare`,`Days`,`Months`,`Years`,`Hours`,`Minutes`,`Seconds`,`UserID`,`DriverID`)
VALUES
  (81,6691,28,8,2592,24,18,35,62,81);
INSERT INTO `Ride` (`RideID`,`Fare`,`Days`,`Months`,`Years`,`Hours`,`Minutes`,`Seconds`,`UserID`,`DriverID`)
VALUES
  (82,1717,8,4,2243,41,14,49,64,82);
INSERT INTO `Ride` (`RideID`,`Fare`,`Days`,`Months`,`Years`,`Hours`,`Minutes`,`Seconds`,`UserID`,`DriverID`)
VALUES
  (83,5852,26,11,2869,20,2,0,66,83);
INSERT INTO `Ride` (`RideID`,`Fare`,`Days`,`Months`,`Years`,`Hours`,`Minutes`,`Seconds`,`UserID`,`DriverID`)
VALUES
  (84,3639,8,3,2582,57,51,14,68,84);
INSERT INTO `Ride` (`RideID`,`Fare`,`Days`,`Months`,`Years`,`Hours`,`Minutes`,`Seconds`,`UserID`,`DriverID`)
VALUES
  (85,8565,5,2,2081,57,13,18,70,85);
INSERT INTO `Ride` (`RideID`,`Fare`,`Days`,`Months`,`Years`,`Hours`,`Minutes`,`Seconds`,`UserID`,`DriverID`)
VALUES
  (86,2730,4,6,2726,37,28,32,72,86);
INSERT INTO `Ride` (`RideID`,`Fare`,`Days`,`Months`,`Years`,`Hours`,`Minutes`,`Seconds`,`UserID`,`DriverID`)
VALUES
  (87,1328,19,12,2043,0,6,48,74,87);
INSERT INTO `Ride` (`RideID`,`Fare`,`Days`,`Months`,`Years`,`Hours`,`Minutes`,`Seconds`,`UserID`,`DriverID`)
VALUES
  (88,3298,28,2,2177,31,33,31,76,88);
INSERT INTO `Ride` (`RideID`,`Fare`,`Days`,`Months`,`Years`,`Hours`,`Minutes`,`Seconds`,`UserID`,`DriverID`)
VALUES
  (89,6149,14,10,2704,9,1,44,78,89);
INSERT INTO `Ride` (`RideID`,`Fare`,`Days`,`Months`,`Years`,`Hours`,`Minutes`,`Seconds`,`UserID`,`DriverID`)
VALUES
  (90,2101,14,8,2554,42,47,45,80,90);
INSERT INTO `Ride` (`RideID`,`Fare`,`Days`,`Months`,`Years`,`Hours`,`Minutes`,`Seconds`,`UserID`,`DriverID`)
VALUES
  (91,3666,15,11,2673,3,48,60,82,91);
INSERT INTO `Ride` (`RideID`,`Fare`,`Days`,`Months`,`Years`,`Hours`,`Minutes`,`Seconds`,`UserID`,`DriverID`)
VALUES
  (92,7014,5,4,2562,58,42,37,84,92);
INSERT INTO `Ride` (`RideID`,`Fare`,`Days`,`Months`,`Years`,`Hours`,`Minutes`,`Seconds`,`UserID`,`DriverID`)
VALUES
  (93,3409,8,6,2573,3,7,23,86,93);
INSERT INTO `Ride` (`RideID`,`Fare`,`Days`,`Months`,`Years`,`Hours`,`Minutes`,`Seconds`,`UserID`,`DriverID`)
VALUES
  (94,5829,29,4,2178,52,56,6,88,94);
INSERT INTO `Ride` (`RideID`,`Fare`,`Days`,`Months`,`Years`,`Hours`,`Minutes`,`Seconds`,`UserID`,`DriverID`)
VALUES
  (95,1728,14,9,2443,34,40,60,90,95);
INSERT INTO `Ride` (`RideID`,`Fare`,`Days`,`Months`,`Years`,`Hours`,`Minutes`,`Seconds`,`UserID`,`DriverID`)
VALUES
  (96,7836,4,7,2916,52,55,22,92,96);
INSERT INTO `Ride` (`RideID`,`Fare`,`Days`,`Months`,`Years`,`Hours`,`Minutes`,`Seconds`,`UserID`,`DriverID`)
VALUES
  (97,4299,12,4,2121,26,9,30,94,97);
INSERT INTO `Ride` (`RideID`,`Fare`,`Days`,`Months`,`Years`,`Hours`,`Minutes`,`Seconds`,`UserID`,`DriverID`)
VALUES
  (98,5681,14,10,2589,4,16,3,96,98);
INSERT INTO `Ride` (`RideID`,`Fare`,`Days`,`Months`,`Years`,`Hours`,`Minutes`,`Seconds`,`UserID`,`DriverID`)
VALUES
  (99,2461,3,5,2246,20,56,1,98,99);
INSERT INTO `Ride` (`RideID`,`Fare`,`Days`,`Months`,`Years`,`Hours`,`Minutes`,`Seconds`,`UserID`,`DriverID`)
VALUES
  (100,6233,25,11,2889,10,17,21,100,100);
INSERT INTO `Ride` (`RideID`,`Fare`,`Days`,`Months`,`Years`,`Hours`,`Minutes`,`Seconds`,`UserID`,`DriverID`)
VALUES
  (106,5033,25,11,2889,10,17,21,1,101);
INSERT INTO `Ride` (`RideID`,`Fare`,`Days`,`Months`,`Years`,`Hours`,`Minutes`,`Seconds`,`UserID`,`DriverID`)
VALUES
  (107,6873,25,13,2589,10,17,21,11,102);
INSERT INTO `Ride` (`RideID`,`Fare`,`Days`,`Months`,`Years`,`Hours`,`Minutes`,`Seconds`,`UserID`,`DriverID`)
VALUES
  (108,6733,25,11,2889,10,17,21,39,103);
INSERT INTO `Ride` (`RideID`,`Fare`,`Days`,`Months`,`Years`,`Hours`,`Minutes`,`Seconds`,`UserID`,`DriverID`)
VALUES
  (109,3433,25,11,2889,15,17,45,45,104);
INSERT INTO `Ride` (`RideID`,`Fare`,`Days`,`Months`,`Years`,`Hours`,`Minutes`,`Seconds`,`UserID`,`DriverID`)
VALUES
  (110,6233,55,11,2889,10,18,21,69,105);

alter table User
add class varchar(255);
